#;Направление;Вопросы;Образовательная программа;Балл S;Обоснование;;;;
1;6B061-Информационно-коммуникационные технологии;Q1. Мне интересно управлять IT-проектами и цифровыми командами.;6B06101 — IT-менеджмент;1;Центральная программа по управлению проектами;;;;
1;;;6B06102 — Информатика;0,7;Содержит элементы проектного управления;;;;
1;;;6B06103 — Информационные системы;0,8;Управление системными проектами;;;;
1;;;6B06104 — Вычислительная техника и ПО;0,6;Управление техническими проектами;;;;
1;;;6B06105 — Математическое и компьютерное моделирование;0,5;Менее выражено;;;;
1;;;6B06106 — Бизнес-аналитика;0,9;Управление аналитическими решениями;;;;
1;;;6B06108 — IT-аудит;0,7;Контроль и управление IT-процессами;;;;
1;;;6B06109 — Администрирование и защита сетей;0,6;Управление инфраструктурными проектами;;;;
1;;;6B06110 — Вычислительная техника и ПО (вариант);0,6;Близкое содержание;;;;
1;;;6B06112 — Технологии искусственного интеллекта;0,7;Управление AI-проектами;;;;
1;;Q2. Мне интересно программировать и разрабатывать программное обеспечение.;6B06104 — Вычислительная техника и программное обеспечение;1;Центральная программа;;;;
1;;;6B06110 — Вычислительная техника и программное обеспечение (вариант);1;Полное совпадение профиля;;;;
1;;;6B06102 — Информатика;0,9;Программирование и алгоритмы;;;;
1;;;6B06103 — Информационные системы;0,8;Разработка систем;;;;
1;;;6B06112 — Технологии искусственного интеллекта;0,8;Программирование под ML;;;;
1;;;6B06109 — Администрирование и защита сетей;0,7;Скрипты и автоматизация;;;;
1;;;6B06106 — Бизнес-аналитика;0,6;Скриптинг и BI-разработка;;;;
1;;;6B06101 — IT-менеджмент;0,5;Управление разработкой;;;;
1;;;6B06108 — IT-аудит;0,4;Проверка качества кода;;;;
1;;;6B06105 — Математическое и компьютерное моделирование;0,7;Разработка математических моделей;;;;
1;;Q3. Мне интересно анализировать данные и создавать модели искусственного интеллекта.;6B06112 — Технологии искусственного интеллекта;1;Центральный профиль;;;;
1;;;6B06106 — Бизнес-аналитика;0,9;Анализ данных и прогнозирование;;;;
1;;;6B06105 — Математическое и компьютерное моделирование;0,8;Создание вычислительных моделей;;;;
1;;;6B06102 — Информатика;0,7;Алгоритмы и аналитика;;;;
1;;;6B06103 — Информационные системы;0,7;Хранение и обработка данных;;;;
1;;;6B06104 — Вычислительная техника и ПО;0,6;Техническая реализация моделей;;;;
1;;;6B06110 — Вычислительная техника и ПО (вариант);0,6;Аналогично;;;;
1;;;6B06109 — Администрирование и защита сетей;0,4;Анализ трафика и событий;;;;
1;;;6B06101 — IT-менеджмент;0,6;Управление AI-проектами;;;;
1;;;6B06108 — IT-аудит;0,5;Анализ эффективности систем ИИ;;;;
1;;Q4. Мне интересно проектировать и администрировать компьютерные сети.;6B06109 — Администрирование и защита компьютерных систем и сетей;1;Профильная программа;;;;
1;;;6B06104 — Вычислительная техника и ПО;0,8;Настройка сетевых протоколов;;;;
1;;;6B06110 — Вычислительная техника и ПО (вариант);0,8;Аналогично;;;;
1;;;6B06103 — Информационные системы;0,7;Сетевые решения и администрирование;;;;
1;;;6B06102 — Информатика;0,6;Сетевые технологии;;;;
1;;;6B06108 — IT-аудит;0,7;Контроль сетевой безопасности;;;;
1;;;6B06101 — IT-менеджмент;0,6;Управление инфраструктурой;;;;
1;;;6B06106 — Бизнес-аналитика;0,5;Системная интеграция;;;;
1;;;6B06105 — Математическое и компьютерное моделирование;0,5;Моделирование сетей;;;;
1;;;6B06112 — Технологии искусственного интеллекта;0,4;Нейросети и коммуникации;;;;
1;;Q5. Мне интересно заниматься IT-аудитом, оценкой и безопасностью информационных систем.;6B06108 — IT-аудит;1;Центральная программа;;;;
1;;;6B06109 — Администрирование и защита сетей;0,9;Сетевая безопасность;;;;
1;;;6B06110 — Вычислительная техника и ПО;0,8;Информационная безопасность;;;;
1;;;6B06104 — Вычислительная техника и ПО;0,8;Проверка систем безопасности;;;;
1;;;6B06103 — Информационные системы;0,7;Оценка защищенности данных;;;;
1;;;6B06112 — Технологии искусственного интеллекта;0,6;Безопасность AI-моделей;;;;
1;;;6B06101 — IT-менеджмент;0,6;Управление аудитом и рисками;;;;
1;;;6B06102 — Информатика;0,6;Основы защиты информации;;;;
1;;;6B06105 — Математическое и компьютерное моделирование;0,5;Моделирование угроз;;;;
1;;;6B06106 — Бизнес-аналитика;0,4;Контроль информационных рисков;;;;
1;;Q6. Мне интересно работать с базами данных и информационными системами.;6B06103 — Информационные системы;1;Центральная программа;;;;
1;;;6B06106 — Бизнес-аналитика;0,9;Анализ данных в базах;;;;
1;;;6B06102 — Информатика;0,8;Основы СУБД;;;;
1;;;6B06104 — Вычислительная техника и ПО;0,7;Работа с базами данных приложений;;;;
1;;;6B06110 — Вычислительная техника и ПО (вариант);0,7;Аналогично;;;;
1;;;6B06112 — Технологии искусственного интеллекта;0,7;Хранение обучающих данных;;;;
1;;;6B06101 — IT-менеджмент;0,7;Управление информационными системами;;;;
1;;;6B06109 — Администрирование и защита сетей;0,6;Поддержка серверов баз данных;;;;
1;;;6B06108 — IT-аудит;0,7;Проверка целостности данных;;;;
1;;;6B06105 — Математическое и компьютерное моделирование;0,5;Моделирование структур данных;;;;
1;;Q7. Мне интересно разрабатывать мобильные и веб-приложения.;6B06104 — Вычислительная техника и ПО;1;Центральная программа;;;;
1;;;6B06110 — Вычислительная техника и ПО (вариант);1;Полное совпадение профиля;;;;
1;;;6B06103 — Информационные системы;0,8;Веб-интерфейсы и приложения;;;;
1;;;6B06102 — Информатика;0,8;Алгоритмы и разработка приложений;;;;
1;;;6B06101 — IT-менеджмент;0,7;Управление процессом разработки;;;;
1;;;6B06109 — Администрирование и защита сетей;0,6;Поддержка приложений;;;;
1;;;6B06106 — Бизнес-аналитика;0,6;BI-приложения и отчётность;;;;
1;;;6B06112 — Технологии искусственного интеллекта;0,6;Интеллектуальные приложения;;;;
1;;;6B06105 — Математическое и компьютерное моделирование;0,5;Модели интерфейсов;;;;
1;;;6B06108 — IT-аудит;0,4;Контроль качества приложений;;;;
1;;Q8. Мне интересно визуализировать данные и создавать графические решения.;6B06106 — Бизнес-аналитика;1;BI-визуализация;;;;
1;;;6B06112 — Технологии искусственного интеллекта;0,8;Визуализация моделей;;;;
1;;;6B06103 — Информационные системы;0,8;Интерфейсы и дашборды;;;;
1;;;6B06102 — Информатика;0,7;Компьютерная графика;;;;
1;;;6B06105 — Математическое и компьютерное моделирование;0,8;Визуализация вычислений;;;;
1;;;6B06104 — Вычислительная техника и ПО;0,7;Интерфейсы приложений;;;;
1;;;6B06110 — Вычислительная техника и ПО (вариант);0,7;Аналогично;;;;
1;;;6B06101 — IT-менеджмент;0,6;BI-дашборды для принятия решений;;;;
1;;;6B06108 — IT-аудит;0,5;Отчетность аудита;;;;
1;;;6B06109 — Администрирование и защита сетей;0,4;Визуализация трафика;;;;
1;;Q9. Мне интересно применять технологии искусственного интеллекта в бизнесе.;6B06112 — Технологии искусственного интеллекта;1;Прямая программа;;;;
1;;;6B06106 — Бизнес-аналитика;0,9;BI и машинное обучение;;;;
1;;;6B06103 — Информационные системы;0,8;Внедрение AI-систем;;;;
1;;;6B06101 — IT-менеджмент;0,8;Управление AI-проектами;;;;
1;;;6B06102 — Информатика;0,7;Алгоритмы и нейросети;;;;
1;;;6B06105 — Математическое и компьютерное моделирование;0,8;Модели на основе AI;;;;
1;;;6B06104 — Вычислительная техника и ПО;0,7;Реализация AI-приложений;;;;
1;;;6B06110 — Вычислительная техника и ПО (вариант);0,7;Аналогично;;;;
1;;;6B06108 — IT-аудит;0,6;Контроль эффективности AI;;;;
1;;;6B06109 — Администрирование и защита сетей;0,5;AI для сетевой безопасности;;;;
1;;Q10. Мне интересно заниматься математическим моделированием и вычислениями.;6B06105 — Математическое и компьютерное моделирование;1;Центральная программа;;;;
1;;;6B06112 — Технологии искусственного интеллекта;0,8;Моделирование нейросетей;;;;
1;;;6B06104 — Вычислительная техника и ПО;0,8;Вычислительные процессы;;;;
1;;;6B06110 — Вычислительная техника и ПО (вариант);0,8;Аналогично;;;;
1;;;6B06102 — Информатика;0,7;Алгоритмическое моделирование;;;;
1;;;6B06103 — Информационные системы;0,7;Моделирование систем;;;;
1;;;6B06106 — Бизнес-аналитика;0,7;Статистическое моделирование;;;;
1;;;6B06101 — IT-менеджмент;0,6;Управление моделями;;;;
1;;;6B06108 — IT-аудит;0,5;Моделирование рисков;;;;
1;;;6B06109 — Администрирование и защита сетей;0,5;Моделирование трафика;;;;
2;6B014-Подготовка учителей с предметной специализацией общего развития;Q1. Мне интересно развивать физические качества спортсменов и управлять тренировочным процессом.;6B01407 — Тренер по футболу;1;Основная задача программы — индивидуальная и командная подготовка;;;;
2;;;6B01408 — Физическая культура и спорт;0,7;Спортивная подготовка как часть педагогического процесса;;;;
2;;Q2. Мне интересно обучать школьников или студентов основам физической культуры.;6B01408 — Физическая культура и спорт;1;Ключевая педагогическая направленность;;;;
2;;;6B01407 — Тренер по футболу;0,6;Обучение ограничено спортивной специализацией;;;;
2;;Q3. Мне важно участвовать в соревнованиях и спортивных турнирах.;6B01407 — Тренер по футболу;1;Прямая связь с профессиональным спортом;;;;
2;;;6B01408 — Физическая культура и спорт;0,7;Спортивные мероприятия в образовательной среде;;;;
2;;Q4. Мне интересно разрабатывать планы тренировок и анализировать спортивные результаты.;6B01407 — Тренер по футболу;1;Основная компетенция программы;;;;
2;;;6B01408 — Физическая культура и спорт;0,8;Методика физической подготовки и педагогический анализ;;;;
2;;Q5. Мне важно развивать мотивацию и воспитательные качества у обучающихся.;6B01408 — Физическая культура и спорт;1;Ведущая роль воспитательной работы;;;;
2;;;6B01407 — Тренер по футболу;0,8;Мотивация спортсменов в команде;;;;
2;;Q6. Мне интересно использовать современные технологии и оборудование для спортивных тренировок.;6B01407 — Тренер по футболу;1;Использование GPS-трекеров, аналитики, видеоразбора;;;;
2;;;6B01408 — Физическая культура и спорт;0,7;Использование методических и измерительных инструментов;;;;
2;;Q7. Мне ближе работа в школе, колледже или университете.;6B01408 — Физическая культура и спорт;1;Преподавание в образовательных организациях;;;;
2;;;6B01407 — Тренер по футболу;0,6;Возможна, но не основная цель программы;;;;
2;;Q8. Мне ближе работа в спортивном клубе, академии или федерации.;6B01407 — Тренер по футболу;1;Основная профессиональная сфера;;;;
2;;;6B01408 — Физическая культура и спорт;0,6;Возможна в контексте педагогических практик;;;;
2;;Q9. Мне интересно изучать анатомию, физиологию и спортивную медицину.;6B01408 — Физическая культура и спорт;1;Базовые предметы учебного плана;;;;
2;;;6B01407 — Тренер по футболу;0,8;Применяется для подготовки спортсменов;;;;
2;;Q10. Мне важно развивать спортивные достижения и карьеру в профессиональном спорте.;6B01407 — Тренер по футболу;1;Цель — профессиональный спорт и подготовка спортсменов;;;;
2;;;6B01408 — Физическая культура и спорт;0,7;Спорт рассматривается как часть воспитательного процесса;;;;
3;6B015-Подготовка учителей по естественнонаучным предметам;Q1. Мне интересно решать математические задачи и логические головоломки.;6B01501 — Математика (IP);1;Центральная программа;;;;
3;;;6B01508 — Подготовка учителей математики;1;Прямая специализация;;;;
3;;;6B01509 — Математика;1;Профильное обучение;;;;
3;;;6B01510 — Подготовка учителей физики;0,7;Использование математики в физике;;;;
3;;;6B01511 — Информатика;0,8;Алгоритмическое мышление;;;;
3;;;6B01507 — Информатика (IP);0,8;Применение математики в IT;;;;
3;;;6B01515 — География (IP);0,4;Косвенно через статистику;;;;
3;;;6B01524 — Подготовка педагогов географии;0,4;Математика как инструмент анализа данных;;;;
3;;Q2. Мне интересно программировать и использовать цифровые технологии в обучении.;6B01511 — Информатика;1;Центральная программа;;;;
3;;;6B01507 — Информатика (IP);1;Профильная IT-педагогика;;;;
3;;;6B01508 — Подготовка учителей математики;0,6;Использование IT в обучении;;;;
3;;;6B01510 — Подготовка учителей физики;0,6;Цифровые симуляции;;;;
3;;;6B01501 — Математика (IP);0,7;Алгоритмы и программирование;;;;
3;;;6B01509 — Математика;0,7;Математическое моделирование;;;;
3;;;6B01515 — География (IP);0,5;Геоинформационные технологии;;;;
3;;;6B01524 — Подготовка педагогов географии;0,5;Использование интерактивных карт;;;;
3;;Q3. Мне интересно проводить эксперименты и объяснять физические явления.;6B01510 — Подготовка учителей физики;1;Прямая специализация;;;;
3;;;6B01509 — Математика;0,8;Математическое описание процессов;;;;
3;;;6B01508 — Подготовка учителей математики;0,7;Использование физических задач;;;;
3;;;6B01511 — Информатика;0,6;Моделирование физических явлений;;;;
3;;;6B01507 — Информатика (IP);0,6;Симуляции и цифровые лаборатории;;;;
3;;;6B01501 — Математика (IP);0,7;Логика и формулы;;;;
3;;;6B01515 — География (IP);0,5;Физическая география;;;;
3;;;6B01524 — Подготовка педагогов географии;0,5;Климатические и природные процессы;;;;
3;;Q4. Мне интересно работать с картами, пространственными данными и изучать природу.;6B01515 — География (IP);1;Центральная программа;;;;
3;;;6B01524 — Подготовка педагогов географии;1;Прямая специализация;;;;
3;;;6B01510 — Подготовка учителей физики;0,6;Связь с природными явлениями;;;;
3;;;6B01511 — Информатика;0,7;ГИС-технологии;;;;
3;;;6B01507 — Информатика (IP);0,7;Использование геоинформационных систем;;;;
3;;;6B01509 — Математика;0,5;Математические модели;;;;
3;;;6B01501 — Математика (IP);0,5;Анализ данных географии;;;;
3;;;6B01508 — Подготовка учителей математики;0,4;Косвенная связь;;;;
3;;Q5. Мне интересно преподавать школьникам естественнонаучные предметы.;6B01508 — Подготовка учителей математики;1;Педагогическая программа;;;;
3;;;6B01510 — Подготовка учителей физики;1;Профильное обучение;;;;
3;;;6B01524 — Подготовка педагогов географии;1;Центральная педагогическая программа;;;;
3;;;6B01507 — Информатика (IP);0,9;IT-образование в школах;;;;
3;;;6B01511 — Информатика;0,9;Преподавание информатики;;;;
3;;;6B01501 — Математика (IP);0,8;Преподавание математики;;;;
3;;;6B01509 — Математика;0,8;Подготовка к обучению студентов;;;;
3;;;6B01515 — География (IP);0,9;Педагогическая направленность;;;;
3;;Q6. Мне интересно проводить научные исследования и эксперименты в области естественных наук.;6B01510 — Подготовка учителей физики;1;Экспериментальная физика;;;;
3;;;6B01509 — Математика;0,9;Теоретические исследования;;;;
3;;;6B01501 — Математика (IP);0,9;Исследовательская подготовка;;;;
3;;;6B01508 — Подготовка учителей математики;0,8;Элементы научной методологии;;;;
3;;;6B01507 — Информатика (IP);0,8;Цифровые исследования;;;;
3;;;6B01511 — Информатика;0,8;Научные проекты в ИТ;;;;
3;;;6B01515 — География (IP);0,8;Полевые и лабораторные исследования;;;;
3;;;6B01524 — Подготовка педагогов географии;0,9;Исследовательская работа с учащимися;;;;
3;;Q7. Мне важно использовать современные технологии и интерактивные методы обучения.;6B01507 — Информатика (IP);1;Центральная программа по EdTech;;;;
3;;;6B01511 — Информатика;1;Цифровизация образования;;;;
3;;;6B01508 — Подготовка учителей математики;0,9;Применение цифровых инструментов;;;;
3;;;6B01510 — Подготовка учителей физики;0,9;Виртуальные лаборатории;;;;
3;;;6B01515 — География (IP);0,8;Геоинформационные технологии;;;;
3;;;6B01524 — Подготовка педагогов географии;0,8;Использование цифровых карт;;;;
3;;;6B01501 — Математика (IP);0,8;Интерактивные системы обучения;;;;
3;;;6B01509 — Математика;0,7;Применение онлайн-платформ;;;;
3;;Q8. Мне интересно помогать ученикам понимать сложные явления через эксперименты и примеры.;6B01510 — Подготовка учителей физики;1;Центральная педагогическая компетенция;;;;
3;;;6B01508 — Подготовка учителей математики;1;Развитие понимания через практику;;;;
3;;;6B01524 — Подготовка педагогов географии;1;Пояснение природных процессов;;;;
3;;;6B01507 — Информатика (IP);0,9;Интерактивное обучение;;;;
3;;;6B01511 — Информатика;0,9;Демонстрационные модели;;;;
3;;;6B01515 — География (IP);0,9;Визуальные методы и карты;;;;
3;;;6B01501 — Математика (IP);0,8;Примеры и практические задачи;;;;
3;;;6B01509 — Математика;0,8;Теоретическая иллюстрация закономерностей;;;;
3;;Q9. Мне ближе творческое и междисциплинарное преподавание (связь математики, физики, информатики, географии).;6B01507 — Информатика (IP);0,9;Междисциплинарный EdTech;;;;
3;;;6B01511 — Информатика;0,9;Связь ИТ с другими науками;;;;
3;;;6B01510 — Подготовка учителей физики;0,9;Интеграция с математикой и ИТ;;;;
3;;;6B01508 — Подготовка учителей математики;0,9;Связь с физикой и информатикой;;;;
3;;;6B01501 — Математика (IP);0,8;Логика, ИТ и моделирование;;;;
3;;;6B01509 — Математика;0,8;Междисциплинарные проекты;;;;
3;;;6B01515 — География (IP);0,8;Интеграция с ИТ и экологией;;;;
3;;;6B01524 — Подготовка педагогов географии;0,8;Интеграция с естественными науками;;;;
3;;Q10. Мне важно воспитывать у учеников интерес к науке и исследовательскому мышлению.;6B01508 — Подготовка учителей математики;1;Развитие исследовательского мышления;;;;
3;;;6B01510 — Подготовка учителей физики;1;Формирование научного взгляда;;;;
3;;;6B01524 — Подготовка педагогов географии;1;Развитие исследовательского интереса;;;;
3;;;6B01507 — Информатика (IP);0,9;Интерактивные исследовательские задачи;;;;
3;;;6B01511 — Информатика;0,9;Исследовательская педагогика;;;;
3;;;6B01501 — Математика (IP);0,8;Проблемное обучение;;;;
3;;;6B01509 — Математика;0,8;Теоретическая основа науки;;;;
3;;;6B01515 — География (IP);0,9;Полевые исследования и наблюдения;;;;
4;6B017-Подготовка учителей по языкам и литературе;Q1. Мне интересно изучать языковую структуру, грамматику и правила речи.;6B01717 — Казахский язык и литература;1;Центральный профиль;;;;
4;;;6B01718 — Русский язык и литература;1;Филологический анализ;;;;
4;;;6B01719 — Иностранный язык (англ.);0,9;Лингвистическая основа;;;;
4;;;6B01720 — Иностранный язык (нем.);0,9;Грамматический фокус;;;;
4;;;6B01721 — Два иностранных языка;0,9;Структурный анализ двух языков;;;;
4;;Q2. Мне интересно преподавать язык и помогать людям развивать речевые навыки.;6B01717 — Казахский язык и литература;1;Преподавание родного языка;;;;
4;;;6B01718 — Русский язык и литература;1;Педагогическая направленность;;;;
4;;;6B01719 — Иностранный язык (англ.);1;Основная цель — обучение языку;;;;
4;;;6B01720 — Иностранный язык (нем.);1;Аналогичная педагогическая функция;;;;
4;;;6B01721 — Два иностранных языка;1;Обучение межъязыковому общению;;;;
4;;Q3. Мне ближе изучение литературы, художественных текстов и анализа произведений.;6B01717 — Казахский язык и литература;1;Основной акцент — литература;;;;
4;;;6B01718 — Русский язык и литература;1;Анализ художественных произведений;;;;
4;;;6B01719 — Иностранный язык (англ.);0,7;Изучение англоязычной литературы;;;;
4;;;6B01720 — Иностранный язык (нем.);0,7;Немецкая литература как часть курса;;;;
4;;;6B01721 — Два иностранных языка;0,7;Анализ текстов на двух языках;;;;
4;;Q4. Мне интересно изучать культуру и историю стран, связанных с языком.;6B01719 — Иностранный язык (англ.);1;Изучение культуры англоязычных стран;;;;
4;;;6B01720 — Иностранный язык (нем.);1;История немецкоязычных стран;;;;
4;;;6B01721 — Два иностранных языка;1;Межкультурная коммуникация;;;;
4;;;6B01717 — Казахский язык и литература;0,9;Изучение казахской культуры;;;;
4;;;6B01718 — Русский язык и литература;0,9;Культурологический компонент;;;;
4;;Q5. Мне интересно общаться с людьми из разных стран и развивать навыки межкультурного взаимодействия.;6B01719 — Иностранный язык (англ.);1;Коммуникативный акцент;;;;
4;;;6B01720 — Иностранный язык (нем.);1;Межкультурная компетенция;;;;
4;;;6B01721 — Два иностранных языка;1;Двусторонняя коммуникация;;;;
4;;;6B01717 — Казахский язык и литература;0,7;Коммуникативная практика в родном языке;;;;
4;;;6B01718 — Русский язык и литература;0,7;Общение в поликультурной среде;;;;
4;;Q6. Мне интересно переводить тексты и развивать навыки перевода.;6B01719 — Иностранный язык (англ.);1;Профессиональный перевод;;;;
4;;;6B01720 — Иностранный язык (нем.);1;Основная часть программы;;;;
4;;;6B01721 — Два иностранных языка;1;Перевод между двумя языками;;;;
4;;;6B01717 — Казахский язык и литература;0,8;Перевод казахских текстов;;;;
4;;;6B01718 — Русский язык и литература;0,8;Литературный перевод;;;;
4;;Q8. Мне ближе работа в сфере международного образования, туризма или дипломатии.;6B01719 — Иностранный язык (англ.);1;Использование английского в международной среде;;;;
4;;;6B01720 — Иностранный язык (нем.);1;Применение в культурных обменах;;;;
4;;;6B01721 — Два иностранных языка;1;Межкультурные коммуникации;;;;
4;;;6B01717 — Казахский язык и литература;0,6;Косвенно, через преподавание казахского;;;;
4;;;6B01718 — Русский язык и литература;0,6;Применимо в СНГ и русскоязычных странах;;;;
4;;Q9. Мне интересно использовать современные технологии в обучении языкам.;6B01719 — Иностранный язык (англ.);1;Интерактивные платформы и мультимедиа;;;;
4;;;6B01720 — Иностранный язык (нем.);1;Цифровые методики обучения;;;;
4;;;6B01721 — Два иностранных языка;1;Технологии двойного обучения;;;;
4;;;6B01717 — Казахский язык и литература;0,8;Использование EdTech;;;;
4;;;6B01718 — Русский язык и литература;0,8;Инновационные методы преподавания;;;;
4;;Q10. Мне ближе изучение фонетики, произношения и устной коммуникации.;6B01719 — Иностранный язык (англ.);1;Акцент на устной речи;;;;
4;;;6B01720 — Иностранный язык (нем.);1;Фонетическая практика;;;;
4;;;6B01721 — Два иностранных языка;1;Развитие многозвучного произношения;;;;
4;;;6B01717 — Казахский язык и литература;0,8;Культура устной речи;;;;
4;;;6B01718 — Русский язык и литература;0,8;Ораторское мастерство;;;;
5;6B018-Подготовка специалистов по социальной педагогике;Q1. Мне интересно помогать детям, подросткам и семьям, оказавшимся в трудной жизненной ситуации.;6B01801 — Социальная педагогика;1;Основная сфера деятельности;;;;
5;;;6B01823 — Социальная педагогика и самопознание;0,8;Входит как часть духовно-нравственной поддержки;;;;
5;;Q2. Мне важно способствовать личностному росту и внутреннему развитию человека.;6B01823 — Социальная педагогика и самопознание;1;Центральная идея программы;;;;
5;;;6B01801 — Социальная педагогика;0,8;Воспитательная и поддерживающая роль;;;;
5;;Q3. Мне ближе работа с учащимися в школах, колледжах и детских учреждениях.;6B01801 — Социальная педагогика;1;Основная профессиональная среда;;;;
5;;;6B01823 — Социальная педагогика и самопознание;0,8;Также реализуется в образовательной среде;;;;
5;;Q4. Мне интересно заниматься профилактикой девиантного поведения и социальной адаптацией.;6B01801 — Социальная педагогика;1;Основное направление работы;;;;
5;;;6B01823 — Социальная педагогика и самопознание;0,7;Косвенно через саморегуляцию и личностное развитие;;;;
5;;Q5. Мне ближе работа с инклюзивными группами и детьми с особыми образовательными потребностями.;6B01801 — Социальная педагогика;1;Входит в профиль подготовки;;;;
5;;;6B01823 — Социальная педагогика и самопознание;0,8;Рассматривается через эмпатию и духовное развитие;;;;
5;;Q6. Мне интересно изучать психологию, самопознание и эмоциональный интеллект.;6B01823 — Социальная педагогика и самопознание;1;Центральное направление программы;;;;
5;;;6B01801 — Социальная педагогика;0,8;Используется в контексте психопедагогики;;;;
5;;Q7. Мне важно работать в сфере общественных организаций, НПО, центров социальной поддержки.;6B01801 — Социальная педагогика;1;Базовая область применения;;;;
5;;;6B01823 — Социальная педагогика и самопознание;0,7;Возможна работа через образовательные проекты;;;;
5;;Q8. Мне ближе преподавание дисциплин, связанных с духовным развитием и этикой.;6B01823 — Социальная педагогика и самопознание;1;Главный компонент программы;;;;
5;;;6B01801 — Социальная педагогика;0,6;Второстепенное значение;;;;
5;;Q9. Мне интересно участвовать в разработке программ по воспитанию ценностей и жизненных навыков.;6B01823 — Социальная педагогика и самопознание;1;Акцент на личностное развитие;;;;
5;;;6B01801 — Социальная педагогика;0,9;Воспитательные программы в школах и центрах;;;;
5;;Q10. Мне важно помогать людям находить смысл и гармонию в жизни.;6B01823 — Социальная педагогика и самопознание;1;Центральная идея программы;;;;
5;;;6B01801 — Социальная педагогика;0,8;Педагогическая поддержка и консультирование;;;;
6;6B021-Искусство;Q1. Мне интересно создавать визуальные образы, логотипы, постеры и иллюстрации.;6B02120 — Графический дизайн;1;Центральная дисциплина программы;;;;
6;;;6B02124 — Медиаискусство;0,8;Использует визуальные средства выражения;;;;
6;;;6B02121 — Архитектурный дизайн;0,6;Визуальная эстетика форм;;;;
6;;;6B02122 — Издательское дело;0,7;Верстка и графика изданий;;;;
6;;Q2. Мне интересно проектировать здания, интерьеры и архитектурные формы.;6B02121 — Архитектурный дизайн;1;Профильная программа;;;;
6;;;6B02120 — Графический дизайн;0,6;Пространственное мышление;;;;
6;;;6B02124 — Медиаискусство;0,4;Виртуальная визуализация;;;;
6;;;6B02122 — Издательское дело;0,3;Косвенная связь через макеты и оформление;;;;
6;;Q3. Мне интересно работать с мультимедиа, видео, звуком и анимацией.;6B02124 — Медиаискусство;1;Основное направление;;;;
6;;;6B02120 — Графический дизайн;0,8;Мультимедийные интерфейсы;;;;
6;;;6B02121 — Архитектурный дизайн;0,5;Визуализация архитектуры;;;;
6;;;6B02122 — Издательское дело;0,5;Цифровые издания, верстка видеообложек;;;;
6;;Q4. Мне интересно работать с макетами, шрифтами и оформлением печатных материалов.;6B02122 — Издательское дело;1;Центральная программа;;;;
6;;;6B02120 — Графический дизайн;0,9;Визуальное оформление;;;;
6;;;6B02124 — Медиаискусство;0,6;Мультимедийные издания;;;;
6;;;6B02121 — Архитектурный дизайн;0,4;Техническое оформление проектов;;;;
6;;Q5. Мне важно, чтобы в моей профессии было много творчества и свободы самовыражения.;6B02124 — Медиаискусство;1;Арт-проекты, креативные решения;;;;
6;;;6B02120 — Графический дизайн;1;Творческая визуальная работа;;;;
6;;;6B02121 — Архитектурный дизайн;0,9;Художественное проектирование;;;;
6;;;6B02122 — Издательское дело;0,8;Авторское оформление и дизайн публикаций;;;;
6;;Q6. Мне ближе работа на компьютере с визуальными редакторами и графическими программами.;6B02120 — Графический дизайн;1;Основной инструмент работы;;;;
6;;;6B02124 — Медиаискусство;1;Работа с Adobe, Blender, DaVinci;;;;
6;;;6B02122 — Издательское дело;0,8;Верстка и дизайн макетов;;;;
6;;;6B02121 — Архитектурный дизайн;0,8;CAD, 3D-моделирование;;;;
6;;Q7. Мне интересно создавать 3D-модели, визуализации и прототипы.;6B02121 — Архитектурный дизайн;1;Пространственное моделирование;;;;
6;;;6B02124 — Медиаискусство;0,9;3D-анимация, цифровая визуализация;;;;
6;;;6B02120 — Графический дизайн;0,8;3D-дизайн в рекламе;;;;
6;;;6B02122 — Издательское дело;0,5;3D-макеты печатных изделий;;;;
6;;Q8. Мне интересно работать в команде над творческими проектами.;6B02124 — Медиаискусство;1;Командная работа (съёмка, монтаж, звук);;;;
6;;;6B02121 — Архитектурный дизайн;0,9;Проектные группы;;;;
6;;;6B02120 — Графический дизайн;0,8;Совместные дизайн-проекты;;;;
6;;;6B02122 — Издательское дело;0,7;Командное редактирование и верстка;;;;
6;;Q9. Мне ближе прикладной, функциональный дизайн, а не чистое искусство.;6B02121 — Архитектурный дизайн;1;Прикладное проектирование;;;;
6;;;6B02120 — Графический дизайн;0,9;Коммерческая визуализация;;;;
6;;;6B02122 — Издательское дело;0,8;Прикладной контент;;;;
6;;;6B02124 — Медиаискусство;0,7;Креативное применение технологий;;;;
6;;Q10. Мне важно, чтобы моя работа сочетала эстетику, технологии и коммуникацию.;6B02120 — Графический дизайн;1;Визуальные коммуникации;;;;
6;;;6B02124 — Медиаискусство;1;Технологичное искусство;;;;
6;;;6B02121 — Архитектурный дизайн;0,9;Эстетика и инженерия;;;;
6;;;6B02122 — Издательское дело;0,8;Эстетика и информационная функция;;;;
7;6B022-Гуманитарные науки;Q1. Мне интересно размышлять о смысле жизни, человеческих ценностях и устройстве общества.;6B02201 — Философия;1;Центральная тема;;;;
7;;;6B02206 — Религиоведение;0,8;Анализ мировоззрений;;;;
7;;;6B02203 — История;0,7;Историко-философский контекст;;;;
7;;;6B02208 — Археология, этнология и антропология;0,6;Философия культуры;;;;
7;;;6B02209 — Востоковедение;0,6;Философия Востока;;;;
7;;;6B02210 — Музейное дело и охрана памятников;0,5;Культурные смыслы;;;;
7;;;6B02212 — Тюркология;0,5;Мировоззренческие аспекты тюркской культуры;;;;
7;;Q2. Мне интересно изучать исторические события и закономерности развития цивилизаций.;6B02203 — История;1;Основная программа;;;;
7;;;6B02208 — Археология, этнология и антропология;0,9;Историко-культурный контекст;;;;
7;;;6B02209 — Востоковедение;0,8;История восточных цивилизаций;;;;
7;;;6B02210 — Музейное дело и охрана памятников;0,7;Сохранение исторического наследия;;;;
7;;;6B02212 — Тюркология;0,8;История тюркских народов;;;;
7;;;6B02201 — Философия;0,6;Историческая философия;;;;
7;;;6B02206 — Религиоведение;0,6;История религий;;;;
7;;Q3. Мне интересно изучать религии, духовные учения и их влияние на культуру.;6B02206 — Религиоведение;1;Центральная программа;;;;
7;;;6B02201 — Философия;0,9;Философия религии;;;;
7;;;6B02203 — История;0,8;История религиозных движений;;;;
7;;;6B02209 — Востоковедение;0,9;Восточные религии;;;;
7;;;6B02212 — Тюркология;0,8;Религии тюркских народов;;;;
7;;;6B02210 — Музейное дело и охрана памятников;0,6;Религиозное наследие;;;;
7;;;6B02208 — Археология, этнология и антропология;0,7;Ритуалы и духовные практики древних культур;;;;
7;;Q4. Мне интересно изучать древние культуры, артефакты и памятники.;6B02208 — Археология, этнология и антропология;1;Центральная программа;;;;
7;;;6B02210 — Музейное дело и охрана памятников;0,9;Сохранение артефактов;;;;
7;;;6B02203 — История;0,9;Исторический анализ;;;;
7;;;6B02212 — Тюркология;0,8;Древние тюркские памятники;;;;
7;;;6B02209 — Востоковедение;0,7;Культура древнего Востока;;;;
7;;;6B02206 — Религиоведение;0,6;Религиозные артефакты;;;;
7;;;6B02201 — Философия;0,5;Культурно-историческое осмысление;;;;
7;;Q5. Мне интересно изучать языки и письменные источники древности.;6B02212 — Тюркология;1;Изучение тюркских письменных памятников;;;;
7;;;6B02209 — Востоковедение;0,9;Восточные языки;;;;
7;;;6B02203 — История;0,8;Анализ письменных источников;;;;
7;;;6B02210 — Музейное дело и охрана памятников;0,7;Работа с документами;;;;
7;;;6B02208 — Археология, этнология и антропология;0,7;Надписи, символы, руны;;;;
7;;;6B02206 — Религиоведение;0,7;Священные тексты;;;;
7;;;6B02201 — Философия;0,6;Язык как форма сознания;;;;
7;;Q6. Мне интересно изучать культуру, традиции и мировоззрение народов.;6B02208 — Археология, этнология и антропология;1;Изучение культур и этносов;;;;
7;;;6B02209 — Востоковедение;0,9;Культура народов Востока;;;;
7;;;6B02212 — Тюркология;0,9;Традиции и мировоззрение тюркских народов;;;;
7;;;6B02203 — История;0,8;Культурное наследие;;;;
7;;;6B02206 — Религиоведение;0,8;Религия как часть культуры;;;;
7;;;6B02210 — Музейное дело и охрана памятников;0,8;Сохранение культурного наследия;;;;
7;;;6B02201 — Философия;0,7;Философия культуры и цивилизаций;;;;
7;;Q7. Мне ближе исследовательская работа и анализ исторических источников.;6B02203 — История;1;Центральное направление;;;;
7;;;6B02208 — Археология, этнология и антропология;0,9;Исследования и раскопки;;;;
7;;;6B02212 — Тюркология;0,9;Работа с текстами и источниками;;;;
7;;;6B02209 — Востоковедение;0,9;Перевод и анализ источников;;;;
7;;;6B02210 — Музейное дело и охрана памятников;0,8;Документация и архивное исследование;;;;
7;;;6B02206 — Религиоведение;0,8;Анализ религиозных текстов;;;;
7;;;6B02201 — Философия;0,7;Аналитическое мышление, источниковедение;;;;
7;;Q8. Мне интересно изучать восточные цивилизации, языки и культуры.;6B02209 — Востоковедение;1;Центральная программа;;;;
7;;;6B02212 — Тюркология;0,9;Восточные и тюркские культуры;;;;
7;;;6B02203 — История;0,8;История Востока;;;;
7;;;6B02206 — Религиоведение;0,8;Восточные религии;;;;
7;;;6B02208 — Археология, этнология и антропология;0,8;Восточные традиции;;;;
7;;;6B02210 — Музейное дело и охрана памятников;0,7;Восточное искусство;;;;
7;;;6B02201 — Философия;0,7;Восточная философия и мировоззрение;;;;
7;;Q9. Мне интересно заниматься сохранением культурного и исторического наследия.;6B02210 — Музейное дело и охрана памятников;1;Основная специализация;;;;
7;;;6B02208 — Археология, этнология и антропология;0,9;Сохранение артефактов;;;;
7;;;6B02203 — История;0,9;Работа с историческим наследием;;;;
7;;;6B02212 — Тюркология;0,8;Охрана тюркских памятников;;;;
7;;;6B02209 — Востоковедение;0,8;Культурное наследие Востока;;;;
7;;;6B02206 — Религиоведение;0,7;Религиозное наследие;;;;
7;;;6B02201 — Философия;0,6;Осмысление культурных ценностей;;;;
7;;Q10. Мне важно изучать идентичность, духовные корни и национальные традиции.;6B02212 — Тюркология;1;Изучение тюркской идентичности;;;;
7;;;6B02203 — История;0,9;Национальное наследие;;;;
7;;;6B02208 — Археология, этнология и антропология;0,9;Культурные корни народов;;;;
7;;;6B02209 — Востоковедение;0,8;Национальные культуры Востока;;;;
7;;;6B02210 — Музейное дело и охрана памятников;0,8;Материальные свидетельства идентичности;;;;
7;;;6B02206 — Религиоведение;0,8;Духовные традиции;;;;
7;;;6B02201 — Философия;0,8;Осмысление национальной идеи;;;;
8;6B023-Языки и литература;Q1. Мне интересно изучать языки и их грамматическую структуру.;6B02305 — Казахская филология;1;Центральная программа;;;;
8;;;6B02306 — Русская филология;1;Изучение языка и структуры речи;;;;
8;;;6B02310 — Иностранная филология;1;Основное направление;;;;
8;;;6B02311 — Иностранная филология: китайский язык;1;Изучение восточной грамматики;;;;
8;;;6B02312 — Иностранная филология: турецкий язык;1;Тюркская лингвистика;;;;
8;;;6B02307 — Переводческое дело;0,9;Практическое владение языками;;;;
8;;Q2. Мне ближе анализ художественных произведений и литературных жанров.;6B02305 — Казахская филология;1;Анализ казахской литературы;;;;
8;;;6B02306 — Русская филология;1;Литературоведение;;;;
8;;;6B02310 — Иностранная филология;0,9;Анализ зарубежной литературы;;;;
8;;;6B02311 — Иностранная филология: китайский язык;0,8;Литература Китая;;;;
8;;;6B02312 — Иностранная филология: турецкий язык;0,8;Турецкая литература;;;;
8;;;6B02307 — Переводческое дело;0,7;Анализ текстов для перевода;;;;
8;;Q3. Мне интересно переводить тексты и работать с разными языками.;6B02307 — Переводческое дело;1;Центральная программа;;;;
8;;;6B02310 — Иностранная филология;0,9;Переводная практика;;;;
8;;;6B02311 — Иностранная филология: китайский язык;0,9;Перевод восточных текстов;;;;
8;;;6B02312 — Иностранная филология: турецкий язык;0,9;Перевод тюркских языков;;;;
8;;;6B02305 — Казахская филология;0,8;Литературный перевод;;;;
8;;;6B02306 — Русская филология;0,8;Перевод с русского/на русский язык;;;;
8;;Q4. Мне интересно изучать культуру, традиции и историю народов через язык.;6B02311 — Иностранная филология: китайский язык;1;Китайская культура и философия;;;;
8;;;6B02312 — Иностранная филология: турецкий язык;1;Тюркская культура;;;;
8;;;6B02310 — Иностранная филология;1;Культурология и межкультурная коммуникация;;;;
8;;;6B02305 — Казахская филология;0,9;Казахская культура и мировоззрение;;;;
8;;;6B02306 — Русская филология;0,9;Культура русского мира;;;;
8;;;6B02307 — Переводческое дело;0,8;Межкультурная коммуникация;;;;
8;;Q5. Мне ближе устная речь, коммуникация и работа с людьми.;6B02307 — Переводческое дело;1;Межъязыковое общение;;;;
8;;;6B02310 — Иностранная филология;0,9;Развитие устной речи;;;;
8;;;6B02311 — Иностранная филология: китайский язык;0,9;Коммуникация в межкультурной среде;;;;
8;;;6B02312 — Иностранная филология: турецкий язык;0,9;Разговорная практика;;;;
8;;;6B02305 — Казахская филология;0,8;Ораторское мастерство;;;;
8;;;6B02306 — Русская филология;0,8;Культура речи и риторика;;;;
8;;Q6. Мне ближе письменная работа: анализ, эссе, статьи, переводы.;6B02305 — Казахская филология;1;Аналитическая работа с текстами;;;;
8;;;6B02306 — Русская филология;1;Литературный анализ;;;;
8;;;6B02307 — Переводческое дело;1;Письменный перевод;;;;
8;;;6B02310 — Иностранная филология;0,9;Академическое письмо;;;;
8;;;6B02311 — Иностранная филология: китайский язык;0,9;Лингвистический анализ;;;;
8;;;6B02312 — Иностранная филология: турецкий язык;0,9;Анализ текстов на турецком языке;;;;
8;;Q7. Мне интересно изучать редкие языки и особенности их культуры.;6B02311 — Иностранная филология: китайский язык;1;Восточные языки;;;;
8;;;6B02312 — Иностранная филология: турецкий язык;1;Тюркские языки;;;;
8;;;6B02310 — Иностранная филология;0,9;Другие языки и культуры;;;;
8;;;6B02307 — Переводческое дело;0,8;Практика с редкими языками;;;;
8;;;6B02305 — Казахская филология;0,6;Сравнительная лингвистика;;;;
8;;;6B02306 — Русская филология;0,6;Сопоставление языков;;;;
8;;Q8. Мне интересно преподавать языки и литературу.;6B02305 — Казахская филология;1;Преподавание языка и литературы;;;;
8;;;6B02306 — Русская филология;1;Обучение русскому языку;;;;
8;;;6B02310 — Иностранная филология;1;Преподавание иностранных языков;;;;
8;;;6B02311 — Иностранная филология: китайский язык;1;Преподавание восточных языков;;;;
8;;;6B02312 — Иностранная филология: турецкий язык;1;Преподавание тюркских языков;;;;
8;;;6B02307 — Переводческое дело;0,8;Подготовка лингвистов-практиков;;;;
8;;Q9. Мне ближе работа в международной среде, перевод, коммуникация и культура.;6B02307 — Переводческое дело;1;Центральная программа;;;;
8;;;6B02310 — Иностранная филология;1;Международная коммуникация;;;;
8;;;6B02311 — Иностранная филология: китайский язык;1;Межкультурное взаимодействие;;;;
8;;;6B02312 — Иностранная филология: турецкий язык;1;Коммуникация с тюркскими странами;;;;
8;;;6B02305 — Казахская филология;0,8;Язык межнационального общения;;;;
8;;;6B02306 — Русская филология;0,8;Региональная коммуникация в СНГ;;;;
8;;Q10. Мне интересно заниматься исследованием языка, истории слов и культуры речи.;6B02305 — Казахская филология;1;Этимология и культура речи;;;;
8;;;6B02306 — Русская филология;1;Лингвистика и история языка;;;;
8;;;6B02310 — Иностранная филология;0,9;Исследование языка как системы;;;;
8;;;6B02311 — Иностранная филология: китайский язык;0,9;Лингвистика восточных языков;;;;
8;;;6B02312 — Иностранная филология: турецкий язык;0,9;Тюркология и языкознание;;;;
8;;;6B02307 — Переводческое дело;0,8;Языковая интерференция и сопоставление;;;;
9;6B031-Социальные науки;Q1. Мне интересно изучать общество, социальные группы и поведение людей.;6B03101 — Социология;1;Центральная программа;;;;
9;;;6B03103 — Психология;0,9;Анализ поведения индивидов;;;;
9;;;6B03104 — Культурология;0,8;Социокультурные процессы;;;;
9;;;6B03106 — Политология;0,7;Социально-политические группы;;;;
9;;;6B03105 — Регионоведение;0,6;Социальная структура регионов;;;;
9;;;6B03102 — Международные отношения;0,6;Социальные аспекты дипломатии;;;;
9;;Q2. Мне интересно изучать политические процессы и механизмы власти.;6B03106 — Политология;1;Центральная программа;;;;
9;;;6B03102 — Международные отношения;0,9;Международная политика;;;;
9;;;6B03101 — Социология;0,8;Политическая социология;;;;
9;;;6B03105 — Регионоведение;0,7;Геополитические особенности;;;;
9;;;6B03104 — Культурология;0,6;Политическая культура;;;;
9;;;6B03103 — Психология;0,5;Политическая психология;;;;
9;;Q3. Мне интересно понимать внутренний мир человека и помогать людям.;6B03103 — Психология;1;Центральная программа;;;;
9;;;6B03101 — Социология;0,8;Социальная психология;;;;
9;;;6B03104 — Культурология;0,7;Культурные аспекты личности;;;;
9;;;6B03106 — Политология;0,5;Психология лидеров и масс;;;;
9;;;6B03105 — Регионоведение;0,5;Социально-культурная идентичность;;;;
9;;;6B03102 — Международные отношения;0,6;Психология общения и переговоров;;;;
9;;Q4. Мне интересно анализировать культурные процессы, традиции и ценности.;6B03104 — Культурология;1;Центральная программа;;;;
9;;;6B03101 — Социология;0,8;Социокультурные исследования;;;;
9;;;6B03105 — Регионоведение;0,8;Культура регионов;;;;
9;;;6B03102 — Международные отношения;0,7;Культурная дипломатия;;;;
9;;;6B03106 — Политология;0,6;Политическая культура;;;;
9;;;6B03103 — Психология;0,6;Культура личности;;;;
9;;Q5. Мне интересно изучать международные отношения и мировую политику.;6B03102 — Международные отношения;1;Центральная программа;;;;
9;;;6B03105 — Регионоведение;0,9;Анализ региональных международных процессов;;;;
9;;;6B03106 — Политология;0,8;Международная политика;;;;
9;;;6B03101 — Социология;0,7;Глобальные социальные процессы;;;;
9;;;6B03104 — Культурология;0,6;Культура международных отношений;;;;
9;;;6B03103 — Психология;0,6;Межкультурная коммуникация;;;;
9;;Q6. Мне интересно проводить опросы, анализировать данные и делать выводы о поведении людей.;6B03101 — Социология;1;Центральная методологическая компетенция;;;;
9;;;6B03103 — Психология;0,9;Экспериментальные исследования поведения;;;;
9;;;6B03106 — Политология;0,8;Политическая аналитика;;;;
9;;;6B03102 — Международные отношения;0,7;Анализ общественного мнения;;;;
9;;;6B03105 — Регионоведение;0,7;Региональные исследования;;;;
9;;;6B03104 — Культурология;0,7;Культурная аналитика;;;;
9;;Q7. Мне ближе работа с людьми: консультирование, обучение, коммуникация.;6B03103 — Психология;1;Консультирование и помощь;;;;
9;;;6B03101 — Социология;0,9;Работа в социуме, исследования;;;;
9;;;6B03102 — Международные отношения;0,9;Дипломатическая коммуникация;;;;
9;;;6B03104 — Культурология;0,8;Межкультурная коммуникация;;;;
9;;;6B03105 — Регионоведение;0,8;Коммуникация в многоязычной среде;;;;
9;;;6B03106 — Политология;0,7;Работа с электоратом и сообществами;;;;
9;;Q8. Мне интересно изучать региональные особенности, геополитику и развитие стран.;6B03105 — Регионоведение;1;Центральная программа;;;;
9;;;6B03102 — Международные отношения;0,9;Геополитические процессы;;;;
9;;;6B03106 — Политология;0,8;Политическая география;;;;
9;;;6B03101 — Социология;0,8;Социально-региональный анализ;;;;
9;;;6B03104 — Культурология;0,7;Культура регионов;;;;
9;;;6B03103 — Психология;0,5;Межкультурная психология;;;;
9;;Q9. Мне ближе аналитическая работа: отчёты, прогнозы, исследования.;6B03101 — Социология;1;Аналитика и прогнозирование;;;;
9;;;6B03106 — Политология;0,9;Политический анализ;;;;
9;;;6B03102 — Международные отношения;0,9;Международная аналитика;;;;
9;;;6B03105 — Регионоведение;0,8;Социально-экономический анализ;;;;
9;;;6B03104 — Культурология;0,8;Анализ культурных процессов;;;;
9;;;6B03103 — Психология;0,8;Психодиагностика и интерпретация данных;;;;
9;;Q10. Мне важно понимать, как общество меняется и какие факторы влияют на эти изменения.;6B03101 — Социология;1;Центральная тема программы;;;;
9;;;6B03106 — Политология;0,9;Политические изменения;;;;
9;;;6B03102 — Международные отношения;0,8;Глобальные изменения;;;;
9;;;6B03105 — Регионоведение;0,8;Социальные изменения по регионам;;;;
9;;;6B03104 — Культурология;0,8;Эволюция культур;;;;
9;;;6B03103 — Психология;0,7;Изменения сознания и поведения;;;;
10;6B032-Журналистика и информация;Q1. Мне интересно собирать информацию, писать статьи и освещать события.;6B03204 — Журналистика;1;Центральная программа;;;;
10;;;6B03206 — Спортивная журналистика;0,9;Профильное направление;;;;
10;;;6B03214 — Связь с общественностью;0,8;Работа с информацией;;;;
10;;;6B03205 — Менеджмент цифровых медиа;0,7;Контент-планирование;;;;
10;;Q2. Мне ближе работать с медиа, социальными сетями и интернет-платформами.;6B03205 — Менеджмент цифровых медиа;1;Цифровые коммуникации — основа программы;;;;
10;;;6B03214 — Связь с общественностью;0,9;Работа с имиджем и онлайн-коммуникацией;;;;
10;;;6B03204 — Журналистика;0,8;Работа с онлайн-СМИ;;;;
10;;;6B03206 — Спортивная журналистика;0,8;Освещение событий в цифровой среде;;;;
10;;Q3. Мне интересно брать интервью и взаимодействовать с людьми.;6B03204 — Журналистика;1;Основная журналистская практика;;;;
10;;;6B03206 — Спортивная журналистика;1;Интервью со спортсменами и тренерами;;;;
10;;;6B03214 — Связь с общественностью;0,9;Коммуникация с общественностью;;;;
10;;;6B03205 — Менеджмент цифровых медиа;0,8;Работа с лидерами мнений;;;;
10;;Q4. Мне интересно организовывать информационные кампании и продвигать бренды.;6B03214 — Связь с общественностью;1;Центральная программа;;;;
10;;;6B03205 — Менеджмент цифровых медиа;0,9;Продвижение в цифровых каналах;;;;
10;;;6B03204 — Журналистика;0,7;Продвижение медиа-проектов;;;;
10;;;6B03206 — Спортивная журналистика;0,7;Продвижение спортивных брендов и событий;;;;
10;;Q5. Мне интересно писать о спорте, анализировать игры и общаться с спортсменами.;6B03206 — Спортивная журналистика;1;Центральное направление;;;;
10;;;6B03204 — Журналистика;0,9;Тематическая специализация;;;;
10;;;6B03205 — Менеджмент цифровых медиа;0,7;Освещение спорта в цифровых медиа;;;;
10;;;6B03214 — Связь с общественностью;0,6;PR спортивных мероприятий;;;;
10;;Q6. Мне ближе работа в новостных агентствах, телеканалах или газетах.;6B03204 — Журналистика;1;Классическая сфера занятости;;;;
10;;;6B03206 — Спортивная журналистика;0,9;СМИ спортивного профиля;;;;
10;;;6B03205 — Менеджмент цифровых медиа;0,8;Управление медиа-платформами;;;;
10;;;6B03214 — Связь с общественностью;0,7;Взаимодействие со СМИ;;;;
10;;Q7. Мне ближе аналитика, создание стратегий и управление контентом.;6B03205 — Менеджмент цифровых медиа;1;Контент-менеджмент и аналитика;;;;
10;;;6B03214 — Связь с общественностью;0,9;Разработка PR-стратегий;;;;
10;;;6B03204 — Журналистика;0,8;Медиа-аналитика;;;;
10;;;6B03206 — Спортивная журналистика;0,7;Анализ спортивных новостей;;;;
10;;Q8. Мне интересно работать в команде над крупными медиапроектами.;6B03205 — Менеджмент цифровых медиа;1;Командная работа в медиа-компаниях;;;;
10;;;6B03214 — Связь с общественностью;0,9;Командные PR-кампании;;;;
10;;;6B03204 — Журналистика;0,8;Совместная редакционная работа;;;;
10;;;6B03206 — Спортивная журналистика;0,8;Работа на спортивных мероприятиях;;;;
10;;Q9. Мне ближе творческая и креативная работа — придумывать идеи, тексты, кампании.;6B03214 — Связь с общественностью;1;Креатив в коммуникациях;;;;
10;;;6B03205 — Менеджмент цифровых медиа;1;Креативные концепции и кампании;;;;
10;;;6B03204 — Журналистика;0,9;Создание авторского контента;;;;
10;;;6B03206 — Спортивная журналистика;0,8;Креатив в спортивных сюжетах;;;;
10;;Q10. Мне важно влиять на общественное мнение и доносить идеи до аудитории.;6B03204 — Журналистика;1;Миссия журналиста — влияние через слово;;;;
10;;;6B03214 — Связь с общественностью;1;Формирование общественного мнения;;;;
10;;;6B03205 — Менеджмент цифровых медиа;0,9;Продвижение идей в медиасреде;;;;
10;;;6B03206 — Спортивная журналистика;0,8;Влияние через спортивный контент;;;;
11;6B041-Бизнес и управление;Q1. Мне интересно управлять людьми, проектами и организационными процессами.;6B04101 — Менеджмент;1;Центральная программа;;;;
11;;;6B04107 — Менеджмент организации;1;Управление коллективами и бизнес-процессами;;;;
11;;;6B04112 — Управление человеческими ресурсами;0,9;Управление персоналом;;;;
11;;;6B04103 — Государственное и местное управление;0,8;Управление на уровне госструктур;;;;
11;;;6B04102 — Экономика;0,7;Экономическое планирование;;;;
11;;;6B04105 — Экономика предпринимательства и бизнеса;0,7;Управление малым бизнесом;;;;
11;;Q2. Мне интересно анализировать финансовые показатели и работать с цифрами.;6B04114 — Финансы;1;Центральная программа;;;;
11;;;6B04116 — Финансы и финансовая аналитика;1;Финансовый анализ и прогнозирование;;;;
11;;;6B04111 — Банковское дело;0,9;Работа с денежными потоками;;;;
11;;;6B04113 — Оценка и финансовый анализ бизнеса;0,9;Инвестиционная аналитика;;;;
11;;;6B04104 — Учет и аудит;0,8;Финансовый контроль;;;;
11;;;6B04108 — Бухгалтерский учет, анализ и аудит;0,8;Экономический анализ деятельности;;;;
11;;;6B04115 — Учет, аудит и анализ;0,8;Аналитика бухгалтерских данных;;;;
11;;Q3. Мне ближе работать в государственной сфере и участвовать в управлении страной.;6B04110 — Государственное управление;1;Центральная программа;;;;
11;;;6B04103 — Государственное и местное управление;1;Муниципальное управление;;;;
11;;;6B04109 — Государственные финансы;0,9;Бюджетная система и госфинансы;;;;
11;;;6B04121 — Государственный аудит;0,9;Контроль за госрасходами;;;;
11;;;6B04101 — Менеджмент;0,8;Управление структурами;;;;
11;;;6B04102 — Экономика;0,7;Экономическая политика государства;;;;
11;;Q4. Мне интересно открывать собственное дело и развивать бизнес.;6B04105 — Экономика предпринимательства и бизнеса;1;Центральная программа;;;;
11;;;6B04106 — Экономика предприятий и организаций;0,9;Управление производственными структурами;;;;
11;;;6B04101 — Менеджмент;0,9;Управление бизнесом;;;;
11;;;6B04102 — Экономика;0,8;Экономическая стратегия бизнеса;;;;
11;;;6B04107 — Менеджмент организации;0,8;Управление проектами;;;;
11;;;6B04113 — Оценка и финансовый анализ бизнеса;0,8;Оценка инвестиционных рисков;;;;
11;;Q5. Мне ближе аудит, контроль и точность в работе с документами.;6B04104 — Учет и аудит;1;Центральная программа;;;;
11;;;6B04108 — Бухгалтерский учет, анализ и аудит;1;Основная специализация;;;;
11;;;6B04115 — Учет, аудит и анализ;1;Проверка финансовой отчетности;;;;
11;;;6B04120 — Экологический аудит;0,9;Контроль природоохранной деятельности;;;;
11;;;6B04121 — Государственный аудит;0,9;Контроль госсектора;;;;
11;;;6B04116 — Финансы и финансовая аналитика;0,8;Проверка финансовых данных;;;;
11;;Q6. Мне интересно работать с людьми: нанимать, обучать и мотивировать сотрудников.;6B04112 — Управление человеческими ресурсами;1;Центральная программа;;;;
11;;;6B04101 — Менеджмент;0,9;Работа с персоналом;;;;
11;;;6B04107 — Менеджмент организации;0,9;Управление командой;;;;
11;;;6B04103 — Государственное и местное управление;0,8;Управление кадрами госслужбы;;;;
11;;;6B04105 — Экономика предпринимательства и бизнеса;0,8;Подбор кадров в бизнесе;;;;
11;;;6B04110 — Государственное управление;0,7;Руководство персоналом госструктур;;;;
11;;Q7. Мне интересно анализировать рынок, разрабатывать стратегии и прогнозировать развитие бизнеса.;6B04102 — Экономика;1;Центральная программа;;;;
11;;;6B04105 — Экономика предпринимательства и бизнеса;1;Анализ бизнес-процессов;;;;
11;;;6B04113 — Оценка и финансовый анализ бизнеса;0,9;Финансовое прогнозирование;;;;
11;;;6B04116 — Финансы и финансовая аналитика;0,9;Анализ финансового рынка;;;;
11;;;6B04101 — Менеджмент;0,8;Разработка бизнес-стратегий;;;;
11;;;6B04114 — Финансы;0,8;Анализ финансовых потоков;;;;
11;;;6B04107 — Менеджмент организации;0,8;Анализ организационного развития;;;;
11;;Q8. Мне ближе работа с цифрами, таблицами, отчетами и финансовыми моделями.;6B04104 — Учет и аудит;1;Работа с отчетностью;;;;
11;;;6B04108 — Бухгалтерский учет, анализ и аудит;1;Основная деятельность;;;;
11;;;6B04115 — Учет, аудит и анализ;1;Работа с таблицами и финансовыми данными;;;;
11;;;6B04114 — Финансы;0,9;Расчеты и анализ потоков;;;;
11;;;6B04111 — Банковское дело;0,9;Финансовые операции;;;;
11;;;6B04116 — Финансы и финансовая аналитика;0,9;Эконометрические расчеты;;;;
11;;;6B04121 — Государственный аудит;0,8;Отчетность госсектора;;;;
11;;Q9. Мне ближе работа, связанная с государственной политикой, общественными проектами и регулированием экономики.;6B04110 — Государственное управление;1;Центральная программа;;;;
11;;;6B04103 — Государственное и местное управление;1;Управление в регионах;;;;
11;;;6B04109 — Государственные финансы;0,9;Бюджетная политика;;;;
11;;;6B04121 — Государственный аудит;0,9;Контроль за госрасходами;;;;
11;;;6B04102 — Экономика;0,8;Государственная экономическая политика;;;;
11;;;6B04101 — Менеджмент;0,7;Управление общественными проектами;;;;
11;;Q10. Мне важно, чтобы моя будущая профессия давала финансовую стабильность и перспективы роста.;6B04114 — Финансы;1;Стабильная и доходная сфера;;;;
11;;;6B04111 — Банковское дело;1;Финансовая устойчивость;;;;
11;;;6B04113 — Оценка и финансовый анализ бизнеса;0,9;Высокий спрос на специалистов;;;;
11;;;6B04105 — Экономика предпринимательства и бизнеса;0,9;Возможность роста дохода;;;;
11;;;6B04101 — Менеджмент;0,8;Перспективы карьерного продвижения;;;;
11;;;6B04103 — Государственное и местное управление;0,8;Устойчивость госслужбы;;;;
11;;;6B04104 — Учет и аудит;0,8;Стабильная занятость;;;;
12;6B042-Право;Q1. Мне интересно разбираться в законах и защищать права граждан.;6B04201 — Юриспруденция;1;Базовая правовая программа;;;;
12;;;6B04206 — Гражданское право и гражданский процесс;0,9;Защита прав в гражданских делах;;;;
12;;;6B04207 — Гражданское судопроизводство;0,9;Судебная практика;;;;
12;;;6B04204 — Судебно-прокурорская деятельность;0,8;Судебная защита;;;;
12;;;6B04203 — Право и государство;0,8;Правовые основы защиты граждан;;;;
12;;;6B04202 — Международное право;0,8;Защита прав в международных институтах;;;;
12;;;6B04209 — Сетевой юрист;0,7;Защита цифровых прав пользователей;;;;
12;;Q2. Мне ближе работать в судах, прокуратуре или следственных органах.;6B04204 — Судебно-прокурорская и следственно-криминалистическая деятельность;1;Центральная программа;;;;
12;;;6B04206 — Гражданское право и процесс;0,9;Судебная практика;;;;
12;;;6B04207 — Гражданское судопроизводство;0,9;Судебная работа;;;;
12;;;6B04201 — Юриспруденция;0,8;Общая правовая подготовка;;;;
12;;;6B04203 — Право и государство;0,7;Административные аспекты;;;;
12;;;6B04205 — Таможенное дело;0,6;Взаимодействие с органами правопорядка;;;;
12;;Q3. Мне интересно международное право, дипломатия и отношения между странами.;6B04202 — Международное право;1;Центральная программа;;;;
12;;;6B04205 — Таможенное дело и таможенный менеджмент;0,9;Международная торговля и границы;;;;
12;;;6B04203 — Право и государство;0,8;Международно-правовые аспекты государства;;;;
12;;;6B04201 — Юриспруденция;0,7;Международная правовая практика;;;;
12;;;6B04209 — Сетевой юрист;0,7;Цифровое международное регулирование;;;;
12;;Q4. Мне интересно решать споры между компаниями, клиентами и организациями.;6B04206 — Гражданское право и гражданский процесс;1;Урегулирование гражданских споров;;;;
12;;;6B04207 — Гражданское судопроизводство;1;Судебное урегулирование;;;;
12;;;6B04201 — Юриспруденция;0,9;Правовое сопровождение бизнеса;;;;
12;;;6B04205 — Таможенное дело;0,8;Коммерческие конфликты;;;;
12;;;6B04202 — Международное право;0,8;Арбитражные споры;;;;
12;;;6B04209 — Сетевой юрист;0,7;Цифровые контракты и защита данных;;;;
12;;Q5. Мне ближе правотворческая деятельность — разработка законов и нормативных актов.;6B04203 — Право и государство;1;Центральная программа;;;;
12;;;6B04201 — Юриспруденция;0,9;Нормотворчество;;;;
12;;;6B04202 — Международное право;0,8;Международное законотворчество;;;;
12;;;6B04206 — Гражданское право;0,8;Частное право;;;;
12;;;6B04207 — Судопроизводство;0,7;Разработка процессуальных норм;;;;
12;;;6B04204 — Судебно-прокурорская деятельность;0,7;Применение законов на практике;;;;
12;;Q6. Мне интересно работать с международными договорами, компаниями и правовыми системами других стран.;6B04202 — Международное право;1;Центральная программа;;;;
12;;;6B04205 — Таможенное дело;0,9;Международная торговля;;;;
12;;;6B04203 — Право и государство;0,8;Сотрудничество с зарубежными институтами;;;;
12;;;6B04201 — Юриспруденция;0,8;Международные нормы права;;;;
12;;;6B04209 — Сетевой юрист;0,7;Интернет-платформы и трансграничные споры;;;;
12;;Q7. Мне ближе работа с документами, договорами, нормативными актами и их анализ.;6B04201 — Юриспруденция;1;Основная работа юриста;;;;
12;;;6B04206 — Гражданское право и гражданский процесс;0,9;Анализ договоров;;;;
12;;;6B04207 — Гражданское судопроизводство;0,9;Подготовка судебных документов;;;;
12;;;6B04203 — Право и государство;0,8;Анализ нормативных актов;;;;
12;;;6B04205 — Таможенное дело;0,8;Контракты и соглашения;;;;
12;;;6B04204 — Судебно-прокурорская деятельность;0,7;Документальное оформление дел;;;;
12;;;6B04209 — Сетевой юрист;0,7;Цифровые договоры и соглашения;;;;
12;;Q8. Мне интересно право в сфере IT, кибербезопасности и цифровой экономики.;6B04209 — Сетевой юрист;1;Центральная программа;;;;
12;;;6B04202 — Международное право;0,8;Цифровые трансграничные отношения;;;;
12;;;6B04201 — Юриспруденция;0,7;Адаптация законодательства к ИТ;;;;
12;;;6B04206 — Гражданское право;0,7;Цифровые сделки;;;;
12;;;6B04203 — Право и государство;0,6;Цифровое регулирование;;;;
12;;;6B04205 — Таможенное дело;0,6;Электронная коммерция;;;;
12;;Q9. Мне ближе сфера экономических и таможенных отношений.;6B04205 — Таможенное дело и таможенный менеджмент;1;Центральная программа;;;;
12;;;6B04202 — Международное право;0,9;Международная торговля;;;;
12;;;6B04201 — Юриспруденция;0,8;Экономические отношения;;;;
12;;;6B04206 — Гражданское право;0,8;Коммерческие сделки;;;;
12;;;6B04207 — Гражданское судопроизводство;0,7;Коммерческие споры;;;;
12;;;6B04203 — Право и государство;0,7;Регулирование торговли;;;;
12;;Q10. Мне важно обеспечивать справедливость и защищать интересы общества.;6B04204 — Судебно-прокурорская и следственно-криминалистическая деятельность;1;Правосудие и защита прав;;;;
12;;;6B04201 — Юриспруденция;0,9;Общая правозащитная миссия;;;;
12;;;6B04203 — Право и государство;0,9;Социальная справедливость;;;;
12;;;6B04206 — Гражданское право;0,8;Защита гражданских прав;;;;
12;;;6B04202 — Международное право;0,8;Права человека на международном уровне;;;;
12;;;6B04209 — Сетевой юрист;0,7;Защита цифровых прав пользователей;;;;
13;6B051-Биологические и смежные науки;Q1. Мне интересно работать с микроорганизмами: культивирование, анализ, применение.;6B05101;1;Микробиология — ключевой блок (ферментации, фитозащита).;;;;
13;;;6B05102;0,7;Микробиота животных, пробиотики, ветеринарные приложения.;;;;
13;;;6B05107;0,6;Общая микробиология в рамках биологии.;;;;
13;;Q2. Меня привлекает работа с растениями: селекция, тканевые культуры, агробиотех.;6B05101;1;Растительные ткани, трансформация, фитобиотех.;;;;
13;;;6B05102;0,5;Косвенно (кормовые культуры для животноводства, модели).;;;;
13;;;6B05107;0,7;Ботаника, физиология растений, базовые методы.;;;;
13;;Q3. Мне интересно работать с животными и ветеринарно-биологическими моделями.;6B05102;1;Ядро: биотех животных, клеточные линии, ветеринарные приложения.;;;;
13;;;6B05101;0,5;Опосредованно (растительно-микробные цепочки, корма).;;;;
13;;;6B05107;0,7;Зоология, физиология, экспериментальные модели.;;;;
13;;Q4. Меня привлекает анализ «-омик» данных и биоинформатика (геномы, транскриптомы, протеомы).;6B05102;1;В названии — биоинформатика, анализ омics данных.;;;;
13;;;6B05101;0,7;Геномика растений/микроорганизмов, аннотации, прайм-дизайн.;;;;
13;;;6B05107;0,6;Вводные курсы биоинформатики и статистики в биологии.;;;;
13;;Q5. Мне важна лабораторная молекулярная биология: ПЦР, CRISPR, клонирование, секвенирование.;6B05101;0,9;Генетическая инженерия растений и микробов.;;;;
13;;;6B05102;0,9;Молекулярные технологии для животных моделей, диагностика.;;;;
13;;;6B05107;0,7;Базовая молекулярка в общем биологическом цикле.;;;;
13;;Q6. Меня интересуют прикладные биотехнологии: биопродукты, ферменты, биоремедиация.;6B05101;1;Растительные/микробные биопродукты, ферментация, биоконтроль.;;;;
13;;;6B05102;0,8;Вакцины, биопрепараты для животных, диагностические наборы.;;;;
13;;;6B05107;0,6;Экологические и биохимические основы приложений.;;;;
13;;Q7. Мне ближе полевые исследования: биоразнообразие, экология, мониторинг.;6B05107;1;Полевые практики — основа общей биологии/экологии.;;;;
13;;;6B05101;0,6;Полевые отборы для растительных/микробных изолятов.;;;;
13;;;6B05102;0,5;Полевые данные вторичны, фокус — лаборатория/информатика.;;;;
13;;Q8. Мне важны медицинско-ветеринарные аспекты: диагностика, пробиотики, здоровье.;6B05102;1;Здоровье животных, ветеринарные биотех-решения, метагеномика.;;;;
13;;;6B05101;0,7;Антимикробные/растительные биопрепараты, пробиотики.;;;;
13;;;6B05107;0,6;Физиология, иммунология — базовая подготовка.;;;;
13;;Q9. Мне интересны этика, биобезопасность и регуляторика биотехнологий.;6B05102;0,9;Регулирование исследований на животных, биобезопасность.;;;;
13;;;6B05101;0,9;ГМО-регуляторика, фитосанитарные нормы, биориск.;;;;
13;;;6B05107;0,7;Общая биоэтика и стандарты безопасности.;;;;
13;;Q10. В будущем хочу работать в R&D/индустрии (агро/вет/биофарм) или академической науке.;6B05101;0,9;Агробиотех, пищевые/ферментные производства, биофабрики.;;;;
13;;;6B05102;0,9;Вет/биофарм, аналитика данных, биодиагностика.;;;;
13;;;6B05107;0,8;Академическая биология, НИИ, полевые центры.;;;;
14;6B052-Окружающая среда;Q1. Мне интересно изучать экосистемы, взаимодействие человека и природы.;6B05208 — Экология и природопользование;1;Центральная тема программы;;;;
14;;;6B05209 — География;0,8;Географические аспекты взаимодействия человека и среды;;;;
14;;;6B05210 — Гидрология;0,7;Водные экосистемы как часть экологии;;;;
14;;Q2. Мне ближе полевые исследования: экспедиции, сбор образцов, наблюдения.;6B05209 — География;1;Полевые маршруты и картографирование;;;;
14;;;6B05210 — Гидрология;0,9;Измерения водных потоков, наблюдения в натуре;;;;
14;;;6B05208 — Экология и природопользование;0,8;Экологический мониторинг в поле;;;;
14;;Q3. Мне интересно изучать водные объекты — реки, озёра, моря и их экосистемы.;6B05210 — Гидрология;1;Центральная программа;;;;
14;;;6B05208 — Экология и природопользование;0,9;Водная экология и качество воды;;;;
14;;;6B05209 — География;0,8;Физическая география водных систем;;;;
14;;Q4. Мне интересно анализировать карты, спутниковые снимки и пространственные данные.;6B05209 — География;1;Картография, ГИС, пространственный анализ;;;;
14;;;6B05210 — Гидрология;0,9;Гидрографические карты и модели;;;;
14;;;6B05208 — Экология и природопользование;0,8;ГИС в экологическом анализе;;;;
14;;Q5. Мне важно участвовать в охране окружающей среды и устойчивом развитии.;6B05208 — Экология и природопользование;1;Центральная миссия программы;;;;
14;;;6B05209 — География;0,9;Пространственные аспекты устойчивого развития;;;;
14;;;6B05210 — Гидрология;0,8;Охрана водных ресурсов и рациональное использование;;;;
14;;Q6. Мне интересно моделировать природные процессы и прогнозировать изменения климата.;6B05209 — География;1;Геоклиматическое моделирование;;;;
14;;;6B05208 — Экология и природопользование;0,9;Экологическое моделирование и прогнозирование;;;;
14;;;6B05210 — Гидрология;0,9;Гидрологическое моделирование и климатическая связь;;;;
14;;Q7. Мне ближе работа с лабораторными анализами воды, почв, воздуха.;6B05208 — Экология и природопользование;1;Экологический мониторинг и лабораторный контроль;;;;
14;;;6B05210 — Гидрология;0,9;Химико-физические показатели воды;;;;
14;;;6B05209 — География;0,7;Анализ образцов в физико-географических исследованиях;;;;
14;;Q8. Мне интересно понимать, как меняются ландшафты и природные зоны.;6B05209 — География;1;Ландшафтоведение и физическая география;;;;
14;;;6B05208 — Экология и природопользование;0,9;Динамика экосистем;;;;
14;;;6B05210 — Гидрология;0,8;Влияние водных процессов на рельеф и ландшафты;;;;
14;;Q9. Мне ближе управленческая и проектная работа — экополитика, консалтинг, аудит.;6B05208 — Экология и природопользование;1;Экоменеджмент, устойчивое развитие;;;;
14;;;6B05209 — География;0,8;Территориальное планирование;;;;
14;;;6B05210 — Гидрология;0,7;Управление водными ресурсами;;;;
14;;Q10. Мне интересно преподавать или заниматься наукой о Земле и природе.;6B05209 — География;1;Географическое образование и исследовательская работа;;;;
14;;;6B05208 — Экология и природопользование;0,9;Экообразование и научная деятельность;;;;
14;;;6B05210 — Гидрология;0,8;Наука о водных процессах и их преподавание;;;;
15;6B053-Физические и химические науки;Q1. Мне интересно проводить лабораторные эксперименты, наблюдать химические реакции и получать новые вещества.;6B05301 — Прикладная химия;1;Центральная программа, акцент на эксперимент;;;;
15;;;6B05302 — Неорганическая химия;1;Основная лабораторная практика;;;;
15;;;6B05306 — Химия органических веществ и полимеров;1;Органический синтез и анализ;;;;
15;;;6B05304 — Физика;0,6;Экспериментальные методы наблюдения;;;;
15;;;6B05323 — Техническая физика;0,6;Физико-химические процессы в материалах;;;;
15;;;6B05305 — Ядерная физика;0,5;Лабораторные измерения радиации и изотопов;;;;
15;;Q2. Мне ближе работа с уравнениями, моделями и теоретическими задачами.;6B05304 — Физика;1;Фундаментальная теоретическая база;;;;
15;;;6B05323 — Техническая физика;0,9;Прикладные расчёты и моделирование;;;;
15;;;6B05305 — Ядерная физика;0,8;Теоретические модели атома и ядра;;;;
15;;;6B05301 — Прикладная химия;0,7;Расчёты и химические модели реакций;;;;
15;;;6B05302 — Неорганическая химия;0,7;Моделирование соединений;;;;
15;;;6B05306 — Химия органических веществ и полимеров;0,6;Моделирование макромолекул;;;;
15;;Q3. Мне интересно изучать атомы, молекулы и строение вещества на микроуровне.;6B05302 — Неорганическая химия;1;Исследование структуры веществ;;;;
15;;;6B05305 — Ядерная физика;1;Структура атома и ядра;;;;
15;;;6B05304 — Физика;0,9;Атомная и квантовая физика;;;;
15;;;6B05306 — Химия органических веществ и полимеров;0,8;Молекулярная структура органики;;;;
15;;;6B05301 — Прикладная химия;0,8;Молекулярные свойства веществ;;;;
15;;;6B05323 — Техническая физика;0,7;Микроструктура материалов;;;;
15;;Q4. Мне ближе практическое применение химии в производстве, фармацевтике или энергетике.;6B05301 — Прикладная химия;1;Центральная прикладная направленность;;;;
15;;;6B05306 — Химия органических веществ и полимеров;0,9;Полимеры, нефтехимия;;;;
15;;;6B05323 — Техническая физика;0,8;Материалы и промышленное оборудование;;;;
15;;;6B05302 — Неорганическая химия;0,8;Катализ, неорганические материалы;;;;
15;;;6B05305 — Ядерная физика;0,7;Энергетические применения;;;;
15;;;6B05304 — Физика;0,7;Материаловедение и оптика;;;;
15;;Q5. Мне интересно изучать физические процессы: движение, энергию, свет, звук, излучение.;6B05304 — Физика;1;Центральная программа;;;;
15;;;6B05323 — Техническая физика;1;Прикладные физические процессы;;;;
15;;;6B05305 — Ядерная физика;0,9;Энергия и излучение;;;;
15;;;6B05302 — Неорганическая химия;0,7;Физико-химические свойства веществ;;;;
15;;;6B05301 — Прикладная химия;0,7;Термодинамика и кинетика;;;;
15;;;6B05306 — Химия органических веществ и полимеров;0,6;Свойства и энергия органических соединений;;;;
15;;Q6. Мне интересно работать с радиацией, изотопами и ядерными реакциями.;6B05305 — Ядерная физика;1;Центральная программа;;;;
15;;;6B05323 — Техническая физика;0,9;Радиационная безопасность, измерения;;;;
15;;;6B05304 — Физика;0,8;Физические основы радиоактивности;;;;
15;;;6B05301 — Прикладная химия;0,6;Радиохимия и анализ изотопов;;;;
15;;;6B05302 — Неорганическая химия;0,6;Изотопные исследования;;;;
15;;;6B05306 — Химия органических веществ и полимеров;0,5;Косвенные применения радиации (полимеризация);;;;
15;;Q7. Мне ближе работа с современным лабораторным оборудованием, приборами и экспериментальными установками.;6B05301 — Прикладная химия;1;Лабораторные эксперименты и химические приборы;;;;
15;;;6B05306 — Химия органических веществ и полимеров;0,9;Лаборатории органического синтеза;;;;
15;;;6B05323 — Техническая физика;0,9;Физические измерения, приборостроение;;;;
15;;;6B05304 — Физика;0,8;Экспериментальные установки;;;;
15;;;6B05302 — Неорганическая химия;0,8;Аналитические приборы и катализаторы;;;;
15;;;6B05305 — Ядерная физика;0,8;Ядерные детекторы, ускорители, дозиметры;;;;
15;;Q8. Мне интересно разрабатывать новые материалы, полимеры, сплавы, катализаторы.;6B05306 — Химия органических веществ и полимеров;1;Центральная программа;;;;
15;;;6B05302 — Неорганическая химия;0,9;Катализаторы, материалы;;;;
15;;;6B05323 — Техническая физика;0,9;Материаловедение и инженерные свойства;;;;
15;;;6B05301 — Прикладная химия;0,8;Технологии синтеза веществ;;;;
15;;;6B05304 — Физика;0,8;Физика твёрдого тела;;;;
15;;;6B05305 — Ядерная физика;0,6;Радиационные материалы;;;;
15;;Q9. Мне ближе использование науки в энергетике, промышленности и технологиях будущего.;6B05323 — Техническая физика;1;Инженерные и энергетические системы;;;;
15;;;6B05305 — Ядерная физика;1;Ядерная и радиационная энергетика;;;;
15;;;6B05301 — Прикладная химия;0,9;Химические технологии в промышленности;;;;
15;;;6B05302 — Неорганическая химия;0,8;Материалы для энергетики;;;;
15;;;6B05306 — Химия органических веществ и полимеров;0,8;Полимерные и композитные материалы;;;;
15;;;6B05304 — Физика;0,8;Физические основы энергоэффективности;;;;
15;;Q10. Мне интересно преподавание, научные исследования и открытие новых закономерностей природы.;6B05304 — Физика;1;Фундаментальные исследования и образование;;;;
15;;;6B05302 — Неорганическая химия;0,9;Исследования веществ и соединений;;;;
15;;;6B05301 — Прикладная химия;0,9;Исследования химических процессов;;;;
15;;;6B05306 — Химия органических веществ и полимеров;0,9;Синтез и изучение новых веществ;;;;
15;;;6B05305 — Ядерная физика;0,9;Научные исследования в радиационной физике;;;;
15;;;6B05323 — Техническая физика;0,8;Прикладные исследования и обучение технологиям;;;;
16;6B054-Математика и статистика;Q1. Мне интересны абстрактные задачи, доказательства теорем и строгая логика.;Математика;1;Ядро — теоретическая математика и доказательства;;;;
16;;;Механика – прикл. математика;0,7;Теория нужна, но с прикладным уклоном;;;;
16;;;Статистика;0,6;Доказательная база вероятности, но практичнее;;;;
16;;;Динамика полёта…;0,5;Теория используется инструментально;;;;
16;;Q2. Мне близки дифференциальные уравнения, численные методы и моделирование процессов.;Механика – прикл. математика;1;Центральные инструменты направления;;;;
16;;;Динамика полёта…;0,9;Модели движения, устойчивость, управление;;;;
16;;;Математика;0,8;Теория ДУ и численные методы;;;;
16;;;Статистика;0,6;Численные алгоритмы, но с фокусом на данные;;;;
16;;Q3. Мне интересно работать с данными: вероятности, регрессии, экспериментальный дизайн.;Статистика;1;Основной профиль — анализ данных;;;;
16;;;Математика;0,7;Теория вероятностей, стохастика;;;;
16;;;Динамика полёта…;0,7;Телеметрия, фильтрация сигналов;;;;
16;;;Механика – прикл. математика;0,6;Обработка результатов моделирования/экспериментов;;;;
16;;Q4. Меня привлекает механика сплошных сред, колебания, волны, прочность.;Механика – прикл. математика;1;Профильные дисциплины;;;;
16;;;Динамика полёта…;0,9;Аэро- и динамика, нагрузки;;;;
16;;;Математика;0,7;Теоретические основы механики;;;;
16;;;Статистика;0,5;Косвенная применимость (анализ данных экспериментов);;;;
16;;Q5. Мне интересно управление системами: стабилизация, навигация, автопилоты, UAV.;Динамика полёта…;1;Системы управления ЛА — центральный фокус;;;;
16;;;Механика – прикл. математика;0,8;Управление динамическими системами;;;;
16;;;Математика;0,6;Теория управления, оптимизация;;;;
16;;;Статистика;0,6;Оценивание состояний, фильтрация Калмана;;;;
16;;Q6. Мне важно программировать (Python/Matlab/C++), писать вычислительные алгоритмы.;Механика – прикл. математика;1;Численные схемы, симуляции;;;;
16;;;Динамика полёта…;0,9;Моделирование, имитации, автопилоты;;;;
16;;;Статистика;0,9;Аналитика/ML, пакеты R/Python;;;;
16;;;Математика;0,7;Вычислимость, алгоритмы, CAS;;;;
16;;Q7. Мне близка экспериментальная работа: стенды, сенсоры, испытания, верификация моделей.;Динамика полёта…;1;Натурные испытания/стенды ЛА;;;;
16;;;Механика – прикл. математика;0,9;Эксперименты для валидации моделей;;;;
16;;;Статистика;0,8;Экспериментальный дизайн/анализ;;;;
16;;;Математика;0,5;Преимущественно теоретический уклон;;;;
16;;Q8. Мне интересно оптимизировать конструкции и траектории: «лучшее решение» при ограничениях.;Динамика полёта…;1;Оптимальное управление, траектории;;;;
16;;;Механика – прикл. математика;0,9;Задачи оптимизации в механике;;;;
16;;;Математика;0,8;Вариационное исчисление, выпуклая оптимизация;;;;
16;;;Статистика;0,7;Байесовская/стохастическая оптимизация;;;;
16;;Q9. Мне ближе большие данные и машинное обучение (классификация, прогноз, выявление аномалий).;Статистика;1;Стат. основы ML, прогнозирование;;;;
16;;;Динамика полёта…;0,8;Аналитика полётных данных, аномалий;;;;
16;;;Механика – прикл. математика;0,7;Суррогатное моделирование, редукция размерности;;;;
16;;;Математика;0,7;Теория оптимизации/линейной алгебры под ML;;;;
16;;Q10. Карьерно тянет в авиа-космос/аэрокосмическую отрасль и смежные НИОКР.;Динамика полёта…;1;Прямое попадание в отрасль;;;;
16;;;Механика – прикл. математика;0,9;Расчёты нагрузок, моделирование;;;;
16;;;Математика;0,7;Теоретическая поддержка/алгоритмы;;;;
16;;;Статистика;0,7;Аналитика телеметрии, надежности;;;;
17;6B062-Телекоммуникации;Q1. Мне интересно разрабатывать схемы (аналоговые/цифровые), разводить печатные платы (PCB).;6B06220;1;Ядро: схемотехника, трассировка, элементная база;;;;
17;;;6B06219;0,7;Схемы используются, но фокус на системах связи;;;;
17;;Q2. Мне интересны беспроводные сети (4G/5G/6G), протоколы, стандарты и архитектуры связи.;6B06219;1;Центральный профиль: системы и протоколы;;;;
17;;;6B06220;0,6;Знание стандартов вторично для конструирования устройств;;;;
17;;Q3. Мне интересны антенны, распространение радиоволн и радиопланирование.;6B06219;1;Антенны и радиопокрытие — ключевой блок;;;;
17;;;6B06220;0,7;Антенные модули в составе аппаратуры;;;;
17;;Q4. Ближе обработка сигналов: фильтрация, модуляции, кодирование, DSP.;6B06219;1;Сигнально-кодовые технологии связи;;;;
17;;;6B06220;0,8;Реализация DSP в устройствах, но не главный акцент;;;;
17;;"Q5. Люблю работу в лаборатории: осциллографы, спектроанализатор, ВНА; настройка макетов.";6B06220;1;Наладка/отладка аппаратуры, измерения, верификация;;;;
17;;;6B06219;0,9;Лабработы по трактам связи и антеннам;;;;
17;;Q6. Интерес к встраиваемым системам: микроконтроллеры, FPGA, прошивки, интерфейсы.;6B06220;1;Управление устройством, интерфейсы, HDL/С/С++;;;;
17;;;6B06219;0,7;Контроллеры встречаются, но как часть систем связи;;;;
17;;Q7. Хочу заниматься конструированием корпусов, тепловым расчётом, ЭМС/EMI и технологичностью (DFM).;6B06220;1;Конструкторская и производственная подготовка;;;;
17;;;6B06219;0,6;Важна совместимость, но не ключевой фокус;;;;
17;;Q8. Интереснее планирование и оптимизация сетей, QoS, внедрение и эксплуатация базовых станций.;6B06219;1;Радиопланирование, KPI, эксплуатация;;;;
17;;;6B06220;0,5;Вторично, упор на устройство, а не сеть;;;;
17;;Q9. Хочу разбираться в СВЧ-трактах: ГУН, смесители, фильтры, согласование на высоких частотах.;6B06220;0,9;СВЧ-схемотехника и согласование в изделиях;;;;
17;;;6B06219;0,9;Радиочастотные подсистемы в трактах связи;;;;
18;6B063-Информационная безопасность;Q1. Мне интересно изучать математические закономерности, решать задачи по алгебре, теории чисел и логике.;6B06107 — Криптология;1.0;Содержит углублённые курсы по алгебре, теории чисел, дискретной математике, математическому анализу и вычислительной сложности.;;;;
18;;;6B06307 — Криптология;0.9;Сохраняет сильную математическую базу, включая абстрактную алгебру и теорию псевдослучайных генераторов.;;;;
18;;;6B06306 — Системы информационной безопасности;0.6;Математика присутствует в прикладном виде (кодирование, теория информации, статистика).;;;;
18;;Q2. Мне ближе работа с программированием и алгоритмами — написание кода, отладка и тестирование программ.;6B06307 — Криптология;1.0;Курсы по языкам C++, Python, Java, SQL, алгоритмам и структурам данных.;;;;
18;;;6B06107 — Криптология;0.8;Включает объектно-ориентированное программирование и ассемблер, но больше упор на теорию.;;;;
18;;;6B06306 — Системы информационной безопасности;0.8;Сильная практическая подготовка: системное и web-программирование, машинное обучение, Big Data.;;;;
18;;Q3. Мне интересно проектировать и администрировать защищённые компьютерные системы и сети.;6B06306 — Системы информационной безопасности;1.0;Основные курсы: безопасность компьютерных сетей, аудит, архитектура систем, телекоммуникации, виртуализация.;;;;
18;;;6B06307 — Криптология;0.7;Есть элементы сетевых технологий и кибербезопасности, но с уклоном на криптографию.;;;;
18;;;6B06107 — Криптология;0.5;Сфокусирована на математических аспектах защиты, не на сетевой инфраструктуре.;;;;
18;;Q4. Мне ближе прикладное использование криптографических алгоритмов в реальных системах защиты данных.;6B06307 — Криптология;1.0;Курсы: аппаратная реализация криптоалгоритмов, современные блочные шифры, цифровая подпись.;;;;
18;;;6B06306 — Системы информационной безопасности;0.9;Включает методы защиты информации, криптографические протоколы, аудит безопасности.;;;;
18;;;6B06107 — Криптология;0.7;Основное внимание уделяется теоретико-числовым основам и криптоанализу.;;;;
18;;Q5. Мне интересно анализировать уязвимости, проводить криптоанализ и проверять устойчивость алгоритмов.;6B06107 — Криптология;1.0;Содержит курсы «Основные методы криптоанализа», «Теоретико-числовые методы защиты информации».;;;;
18;;;6B06307 — Криптология;0.9;Присутствуют дисциплины по криптоанализу, но акцент на реализации и оптимизации алгоритмов.;;;;
18;;;6B06306 — Системы информационной безопасности;0.6;Криптоанализ затрагивается лишь в контексте системного аудита и защиты.;;;;
18;;Q6. Мне ближе управление информационной безопасностью и организационные аспекты защиты данных.;6B06306 — Системы информационной безопасности;1.0;Курсы: «Аудит и управление ИБ», «Нормативные документы ИТ-аудита», «Правовые основы ИБ».;;;;
18;;;6B06307 — Криптология;0.7;Есть элементы менеджмента ИБ и нормативных основ.;;;;
18;;;6B06107 — Криптология;0.5;В основном сосредоточена на математике и алгоритмах, а не на управлении безопасностью.;;;;
18;;Q7. Мне интересно работать с искусственным интеллектом, машинным обучением и анализом данных в сфере ИБ.;6B06306 — Системы информационной безопасности;1.0;Включает ИИ, машинное обучение, анализ данных и Big Data.;;;;
18;;;6B06307 — Криптология;0.8;Имеет дисциплины по Python и анализу данных, но не системно.;;;;
18;;;6B06107 — Криптология;0.4;ИИ и анализ данных практически не представлены.;;;;
18;;Q8. Мне ближе аппаратная часть: схемотехника, микропроцессоры, реализация алгоритмов на устройствах.;6B06307 — Криптология;1.0;Имеет курсы по электронике, схемотехнике и аппаратной реализации криптоалгоритмов.;;;;
18;;;6B06306 — Системы информационной безопасности;0.8;Курсы по микропроцессорам и телекоммуникационным системам.;;;;
18;;;6B06107 — Криптология;0.6;Преимущественно теоретический профиль, аппаратная часть не акцентирована.;;;;
19;6B071-Инженерия и инженерное дело;Q1. Мне интересно проектировать и управлять техническими системами с использованием компьютеров и датчиков.;6B07102 — Автоматизация и управление;1.0;Основной фокус — автоматизация, системы управления, датчики, микроконтроллеры, SCADA.;;;;
19;;;6B07146 — Космическая техника и технологии;0.8;Использование систем управления в космических аппаратах.;;;;
19;;;6B07111 — Беспилотные летательные аппараты и системы;0.8;Управление навигацией и полётами дронов.;;;;
19;;;6B07118 — Электроэнергетика;0.6;Использует автоматизацию в энергетических системах.;;;;
19;;;6B07117 — Теплоэнергетика;0.5;Управление теплоустановками, но без акцента на автоматизацию.;;;;
19;;;6B07113 — Транспорт, транспортная техника и технологии;0.5;Управление движением и эксплуатацией транспорта.;;;;
19;;Q2. Мне ближе механика, устройства и обслуживание машин и транспорта.;6B07113 — Транспорт, транспортная техника и технологии;1.0;Основные дисциплины — динамика, эксплуатация, диагностика техники.;;;;
19;;;6B07111 — Беспилотные летательные аппараты и системы;0.9;Изучаются аэродинамика, механика, конструкции летательных аппаратов.;;;;
19;;;6B07117 — Теплоэнергетика;0.7;Машиностроительная и теплотехническая механика.;;;;
19;;;6B07118 — Электроэнергетика;0.6;Электрические машины и механизмы.;;;;
19;;;6B07102 — Автоматизация и управление;0.5;Механика — инструмент для систем управления.;;;;
19;;;6B07146 — Космическая техника и технологии;0.5;Конструкции космических систем и двигателей.;;;;
19;;Q3. Мне интересно разрабатывать и управлять беспилотниками, дронами и летательными аппаратами.;6B07111 — Беспилотные летательные аппараты и системы;1.0;Центральная программа по проектированию и эксплуатации БПЛА.;;;;
19;;;6B07146 — Космическая техника и технологии;0.8;Сходные принципы аэрокосмического управления.;;;;
19;;;6B07102 — Автоматизация и управление;0.7;Автоматические системы управления движением.;;;;
19;;;6B07113 — Транспорт, транспортная техника и технологии;0.6;Применяет беспилотные технологии в логистике и транспорте.;;;;
19;;;6B07118 — Электроэнергетика;0.4;Отдельные аспекты питания и управления электросистемами БПЛА.;;;;
19;;;6B07117 — Теплоэнергетика;0.3;Слабо связано с летательными системами.;;;;
19;;Q4. Мне ближе работа с электроэнергией, электросетями и оборудованием под напряжением.;6B07118 — Электроэнергетика;1.0;Центральная программа по генерации, передаче и распределению электроэнергии.;;;;
19;;;6B07102 — Автоматизация и управление;0.8;Изучает системы управления в энергетике.;;;;
19;;;6B07117 — Теплоэнергетика;0.7;Тесно связана с энергосистемами.;;;;
19;;;6B07113 — Транспорт;0.5;Электрические приводы и транспортная электрика.;;;;
19;;;6B07146 — Космическая техника;0.5;Электропитание космических аппаратов.;;;;
19;;;6B07111 — БПЛА;0.4;Электропитание и аккумуляторные системы дронов.;;;;
19;;Q5. Мне интересно работать с тепловыми системами, двигателями и процессами преобразования энергии.;6B07117 — Теплоэнергетика;1.0;Основные дисциплины — термодинамика, теплообмен, тепловые машины.;;;;
19;;;6B07118 — Электроэнергетика;0.8;Взаимосвязанные энергетические процессы.;;;;
19;;;6B07113 — Транспорт;0.7;Двигатели внутреннего сгорания, тепловые процессы.;;;;
19;;;6B07146 — Космическая техника;0.6;Двигательные и тепловые системы космических аппаратов.;;;;
19;;;6B07102 — Автоматизация;0.5;Управление теплотехническими процессами.;;;;
19;;;6B07111 — БПЛА;0.4;Работа с двигателями дронов, но не в центре программы.;;;;
19;;Q6. Мне интересно конструировать и проектировать сложные технические системы (от станков до спутников).;6B07146 — Космическая техника и технологии;1.0;Фокус на проектировании и сборке космических аппаратов.;;;;
19;;;6B07111 — БПЛА;0.9;Конструирование и эксплуатация беспилотных систем.;;;;
19;;;6B07113 — Транспорт;0.8;Конструкторская работа по транспортным средствам.;;;;
19;;;6B07102 — Автоматизация;0.8;Проектирование автоматизированных установок.;;;;
19;;;6B07118 — Электроэнергетика;0.6;Проектирование энергетического оборудования.;;;;
19;;;6B07117 — Теплоэнергетика;0.6;Конструирование теплоустановок и котельных систем.;;;;
19;;Q7. Мне ближе управление большими инженерными проектами, анализ рисков и эксплуатация оборудования.;6B07113 — Транспорт, транспортная техника и технологии;1.0;Эксплуатация, диагностика, безопасность, менеджмент.;;;;
19;;;6B07117 — Теплоэнергетика;0.9;Эксплуатация теплоэнергетических систем.;;;;
19;;;6B07118 — Электроэнергетика;0.9;Организация и контроль энергетических процессов.;;;;
19;;;6B07102 — Автоматизация;0.7;Управление системами и процессами.;;;;
19;;;6B07146 — Космическая техника;0.7;Управление проектами и сборкой аппаратов.;;;;
19;;;6B07111 — БПЛА;0.6;Эксплуатация летательных аппаратов.;;;;
19;;Q8. Мне интересно исследовать и применять современные технологии: робототехнику, искусственный интеллект, космические системы.;6B07102 — Автоматизация и управление;1.0;Применяет ИИ, мехатронику и робототехнику.;;;;
19;;;6B07146 — Космическая техника и технологии;0.9;Использует ИИ и телеметрию в системах навигации и орбитального управления.;;;;
19;;;6B07111 — БПЛА;0.9;Применение ИИ в управлении и навигации дронов.;;;;
19;;;6B07118 — Электроэнергетика;0.7;Внедрение цифровых технологий и “умных” сетей.;;;;
19;;;6B07117 — Теплоэнергетика;0.6;Цифровизация теплоэнергетических процессов.;;;;
19;;;6B07113 — Транспорт;0.6;Умные транспортные системы и автоматизация логистики.;;;;
20;6B073-Архитектура и строительство;Q1. Мне интересно проектировать здания, придумывать их форму, внешний вид и внутренние пространства.;6B07320 — Архитектура жилых и общественных зданий;1.0;Центральная программа по художественно-архитектурному проектированию.;;;;
20;;;6B07329 — Проектирование зданий и сооружений;0.9;Делает акцент на инженерных расчётах и конструктивных решениях.;;;;
20;;;6B07321 — Энергоэффективное проектирование;0.8;Сочетает архитектуру и устойчивые технологии.;;;;
20;;;6B07314 — Градостроительное планирование и кадастр;0.7;Рассматривает здания в контексте городской среды.;;;;
20;;;6B07330 — Цифровое проектирование;0.7;Использует BIM-моделирование для проектных задач.;;;;
20;;Q2. Мне ближе инженерная часть строительства: расчёты, чертежи, монтаж и эксплуатация сооружений.;6B07322 — Промышленное и гражданское строительство;1.0;Центральная инженерно-строительная программа.;;;;
20;;;6B07329 — Проектирование зданий и сооружений;0.9;Содержит расчёты конструкций и основы строительной механики.;;;;
20;;;6B07352 — Инженерные системы и сети;0.8;Ответственна за проектирование инженерных коммуникаций.;;;;
20;;;6B07361 — Производство строительных материалов;0.7;Ориентирована на применение материалов в строительстве.;;;;
20;;Q3. Мне интересно работать с цифровыми технологиями — 3D-моделированием, BIM-системами и автоматизированным проектированием.;6B07330 — Цифровое проектирование в строительстве;1.0;Центральная программа по цифровому моделированию и BIM-инструментам.;;;;
20;;;6B07329 — Проектирование зданий и сооружений;0.9;Использует CAD-системы и цифровое моделирование.;;;;
20;;;6B07321 — Энергоэффективное проектирование;0.8;Применяет цифровые симуляции энергопотребления.;;;;
20;;;6B07320 — Архитектура;0.7;Использует 3D-визуализацию в архитектурных проектах.;;;;
20;;;6B07352 — Инженерные системы и сети;0.7;Внедряет цифровое моделирование инженерных сетей.;;;;
20;;Q4. Мне ближе работа с геоданными, картами, измерениями и пространственным планированием.;6B07311 — Геодезия и картография;1.0;Центральная программа по геодезии, ГИС и спутниковым измерениям.;;;;
20;;;6B07314 — Градостроительное планирование и кадастр;0.9;Использует геоданные при планировании территорий.;;;;
20;;;6B07322 — Промышленное и гражданское строительство;0.7;Применяет геодезические методы при строительстве объектов.;;;;
20;;;6B07330 — Цифровое проектирование;0.7;Использует пространственные данные в BIM-моделях.;;;;
20;;Q5. Мне интересно заниматься развитием городов, созданием планировок кварталов, парков и общественных пространств.;6B07314 — Градостроительное планирование и кадастр;1.0;Центральная программа по градостроительству и зонированию.;;;;
20;;;6B07320 — Архитектура;0.9;Разрабатывает концепции городской застройки.;;;;
20;;;6B07321 — Энергоэффективное проектирование;0.8;Включает устойчивое и экологичное развитие территорий.;;;;
20;;;6B07311 — Геодезия и картография;0.7;Поставляет данные для планировочных решений.;;;;
20;;Q6. Мне ближе работа с инженерными системами — отопление, вентиляция, водоснабжение, электросети.;6B07352 — Инженерные системы и сети;1.0;Центральная программа по проектированию и эксплуатации инженерных коммуникаций.;;;;
20;;;6B07321 — Энергоэффективное проектирование;0.9;Рассматривает энергоэффективные инженерные решения.;;;;
20;;;6B07322 — Промышленное и гражданское строительство;0.8;Координирует инженерные системы на строительных объектах.;;;;
20;;;6B07330 — Цифровое проектирование;0.7;Моделирует инженерные сети в цифровых системах.;;;;
20;;Q7. Мне интересно использовать экологичные и энергоэффективные технологии в строительстве.;6B07321 — Энергоэффективное проектирование зданий и сооружений;1.0;Центральная программа по устойчивому и зелёному строительству.;;;;
20;;;6B07330 — Цифровое проектирование;0.8;Использует цифровые симуляции энергоэффективности.;;;;
20;;;6B07322 — Промышленное и гражданское строительство;0.8;Применяет современные энергоэффективные материалы.;;;;
20;;;6B07361 — Производство строительных материалов;0.7;Фокусируется на разработке инновационных материалов.;;;;
20;;Q8. Мне ближе производство — создание, испытание и внедрение строительных материалов и конструкций.;6B07361 — Производство строительных материалов, изделий и конструкций;1.0;Центральная программа по технологиям бетона, металлоконструкций, композитов.;;;;
20;;;6B07322 — Промышленное и гражданское строительство;0.8;Использует эти материалы в строительстве.;;;;
20;;;6B07329 — Проектирование зданий и сооружений;0.7;Применяет знания о свойствах материалов при расчётах.;;;;
20;;;6B07321 — Энергоэффективное проектирование;0.6;Ориентируется на экологичные материалы.;;;;
20;;Q9. Мне интересно руководить строительными проектами — от проектирования до ввода объекта в эксплуатацию.;6B07322 — Промышленное и гражданское строительство;1.0;Центральная программа по управлению строительным процессом.;;;;
20;;;6B07329 — Проектирование зданий и сооружений;0.9;Ориентирована на управление проектами и контроль качества.;;;;
20;;;6B07321 — Энергоэффективное проектирование;0.8;Учитывает управление устойчивыми проектами.;;;;
20;;;6B07352 — Инженерные системы и сети;0.7;Отвечает за координацию инженерных решений.;;;;
20;;;6B07314 — Градостроительное планирование;0.6;Управление проектами на уровне территорий.;;;;
21;6B075-Стандартизация, сертификация и метрология (по отраслям);Q1. Мне интересно разрабатывать правила, нормативы и требования к качеству продукции.;6B07532 — Стандартизация и сертификация;1.0;Центральная программа по разработке стандартов, сертификации, управлению качеством.;;;;
21;;;6B07550 — Метрология;0.7;Затрагивает стандарты измерений, но с техническим уклоном.;;;;
21;;Q2. Мне ближе точные измерения, проверка приборов и обеспечение достоверности данных.;6B07550 — Метрология;1.0;Основной профиль — измерения, калибровка, эталоны, поверка приборов.;;;;
21;;;6B07532 — Стандартизация и сертификация;0.7;Использует результаты измерений в системе качества.;;;;
21;;Q3. Мне интересно контролировать качество продукции, проводить сертификацию товаров и услуг.;6B07532 — Стандартизация и сертификация;1.0;Ключевые дисциплины — управление качеством, аудит, сертификация ISO.;;;;
21;;;6B07550 — Метрология;0.8;Проводит технические испытания и контроль параметров.;;;;
21;;Q4. Мне ближе работа с измерительным оборудованием, калибровочными стендами и лабораториями.;6B07550 — Метрология;1.0;Курсы — измерительные системы, метрологическое обеспечение, приборостроение.;;;;
21;;;6B07532 — Стандартизация и сертификация;0.6;Практически не акцентируется на приборах.;;;;
21;;Q5. Мне интересно анализировать и улучшать производственные процессы с точки зрения соответствия стандартам.;6B07532 — Стандартизация и сертификация;1.0;Учит применять стандарты ISO 9001, Lean, TQM в производстве.;;;;
21;;;6B07550 — Метрология;0.7;Проводит измерительный контроль в рамках производственных процессов.;;;;
21;;Q6. Мне ближе работа с документами, отчетами, аудитами и нормативной документацией.;6B07532 — Стандартизация и сертификация;1.0;Основной профиль — документация, регламенты, экспертиза, сертификационные отчёты.;;;;
21;;;6B07550 — Метрология;0.8;Оформляет метрологические отчёты и паспорта измерений.;;;;
21;;Q7. Мне интересно разрабатывать и внедрять методы повышения точности и надежности измерений.;6B07550 — Метрология;1.0;Содержит курсы по теории погрешностей, метрологическому анализу и управлению измерениями.;;;;
21;;;6B07532 — Стандартизация и сертификация;0.6;Использует результаты измерений для подтверждения качества.;;;;
21;;Q8. Мне ближе взаимодействие с предприятиями и организациями по вопросам контроля и соответствия продукции требованиям.;6B07532 — Стандартизация и сертификация;1.0;Направлена на взаимодействие с контролирующими и аккредитующими органами.;;;;
21;;;6B07550 — Метрология;0.8;Сотрудничает с метрологическими центрами и лабораториями.;;;;
22;6B111-Сфера обслуживания;Q1. Мне интересно создавать туристические маршруты, экскурсии и путешествия, знакомить людей с культурой разных стран.;6B11105 — Туризм;1.0;Центральная программа по формированию туристских продуктов и организации путешествий.;;;;
22;;;6B11102 — Организация туристских услуг;0.9;Специализация на организации и сопровождении туров.;;;;
22;;;6B11103 — Гостиничное и ресторанное дело;0.6;Туризм рассматривается как часть сервиса.;;;;
22;;;6B11107 — Ресторанное дело и гостиничный бизнес;0.6;Туристические услуги — элемент обслуживания клиентов.;;;;
22;;Q2. Мне ближе организация обслуживания клиентов в отелях, ресторанах и туристических компаниях.;6B11103 — Гостиничное и ресторанное дело;1.0;Центральная программа по сервису, гостеприимству и управлению качеством обслуживания.;;;;
22;;;6B11107 — Ресторанное дело и гостиничный бизнес;0.9;Расширенный профиль, объединяющий управление ресторанами и отелями.;;;;
22;;;6B11102 — Организация туристских услуг;0.7;Ориентирована на клиентский сервис при формировании туров.;;;;
22;;;6B11105 — Туризм;0.6;Включает организацию обслуживания, но не как основное направление.;;;;
22;;Q3. Мне интересно работать с иностранными партнёрами, планировать международные туры и развивать въездной туризм.;6B11105 — Туризм;1.0;Основное направление — международный и въездной туризм, межкультурная коммуникация.;;;;
22;;;6B11102 — Организация туристских услуг;0.9;Формирует навыки организации международных маршрутов и взаимодействия с партнёрами.;;;;
22;;;6B11103 — Гостиничное и ресторанное дело;0.6;Иностранные клиенты — часть гостиничного обслуживания.;;;;
22;;;6B11107 — Ресторанное дело и гостиничный бизнес;0.6;Контакт с иностранными гостями в сфере обслуживания.;;;;
22;;Q4. Мне ближе управление рестораном, подбор меню, организация кухни и работы персонала.;6B11107 — Ресторанное дело и гостиничный бизнес;1.0;Центральный акцент на ресторанный менеджмент и технологии питания.;;;;
22;;;6B11103 — Гостиничное и ресторанное дело;0.9;Содержит блоки по организации питания и сервису.;;;;
22;;;6B11102 — Организация туристских услуг;0.6;Касается только обеспечения туристов питанием.;;;;
22;;;6B11105 — Туризм;0.5;Управление питанием туристов — второстепенная часть.;;;;
22;;Q5. Мне интересно управлять гостиницей, контролировать работу персонала и уровень сервиса.;6B11103 — Гостиничное и ресторанное дело;1.0;Центральный профиль — управление отелями, сервисом, логистикой обслуживания.;;;;
22;;;6B11107 — Ресторанное дело и гостиничный бизнес;0.9;Объединяет гостиничный и ресторанный менеджмент.;;;;
22;;;6B11102 — Организация туристских услуг;0.6;Туристические услуги могут включать бронирование отелей.;;;;
22;;;6B11105 — Туризм;0.5;Работа с гостиницами — часть организации туров.;;;;
22;;Q6. Мне ближе разработка и продвижение туристических брендов, маркетинг в сфере гостеприимства.;6B11102 — Организация туристских услуг;1.0;Центральный профиль — маркетинг турпродукта и продвижение услуг.;;;;
22;;;6B11105 — Туризм;0.9;Содержит дисциплины по маркетингу туризма и имиджу страны.;;;;
22;;;6B11103 — Гостиничное и ресторанное дело;0.7;Включает маркетинг сервиса и брендов отелей.;;;;
22;;;6B11107 — Ресторанное дело и гостиничный бизнес;0.7;Развитие брендов в ресторанном бизнесе.;;;;
22;;Q7. Мне интересно планировать мероприятия, конференции, банкеты и корпоративные туры.;6B11102 — Организация туристских услуг;1.0;Курсы по MICE-туризму, организации мероприятий и сервису.;;;;
22;;;6B11105 — Туризм;0.9;Организация делового и событийного туризма.;;;;
22;;;6B11103 — Гостиничное и ресторанное дело;0.8;Включает организацию банкетов и приёма гостей.;;;;
22;;;6B11107 — Ресторанное дело и гостиничный бизнес;0.8;Входит в функции управления ресторанными и гостиничными мероприятиями.;;;;
22;;Q8. Мне ближе работа с людьми, создание комфортной атмосферы, внимание к деталям и эстетике сервиса.;6B11103 — Гостиничное и ресторанное дело;1.0;Формирует культуру обслуживания и психологию гостеприимства.;;;;
22;;;6B11107 — Ресторанное дело и гостиничный бизнес;0.9;Учит создавать комфортную атмосферу и сервис.;;;;
22;;;6B11102 — Организация туристских услуг;0.8;Клиентоориентированность в туристической сфере.;;;;
22;;;6B11105 — Туризм;0.7;Коммуникации и работа с группами туристов.;;;;
23;6B113-Транспортные услуги;Q1. Мне интересно планировать маршруты, контролировать движение и обеспечивать безопасность транспорта.;6B11301 — Организация перевозок, движения и эксплуатация транспорта;1.0;Центральная программа, ориентированная на управление транспортными потоками и эксплуатацией техники.;;;;
23;;;6B11302 — Логистика (по отраслям);0.7;Изучает маршрутизацию, но в контексте поставок и распределения.;;;;
23;;Q2. Мне ближе организация поставок, работа со складами и оптимизация логистических цепочек.;6B11302 — Логистика (по отраслям);1.0;Центральный фокус — логистические процессы, цепи поставок, транспортировка грузов.;;;;
23;;;6B11301 — Организация перевозок, движения и эксплуатация транспорта;0.7;Частично затрагивает управление грузопотоками.;;;;
23;;Q3. Мне интересно разрабатывать схемы движения транспорта, управлять графиками и расписаниями.;6B11301 — Организация перевозок, движения и эксплуатация транспорта;1.0;Основной профиль — планирование маршрутов и расписаний.;;;;
23;;;6B11302 — Логистика (по отраслям);0.6;Управление маршрутами в контексте распределения товаров.;;;;
23;;Q4. Мне ближе экономические расчёты, управление запасами и анализ эффективности цепей поставок.;6B11302 — Логистика (по отраслям);1.0;Включает дисциплины по экономике транспорта, управлению запасами и моделированию потоков.;;;;
23;;;6B11301 — Организация перевозок, движения и эксплуатация транспорта;0.7;Экономические аспекты присутствуют, но второстепенны.;;;;
23;;Q5. Мне интересно работать с транспортной техникой, разбираться в её эксплуатации и техническом состоянии.;6B11301 — Организация перевозок, движения и эксплуатация транспорта;1.0;Содержит курсы по эксплуатации, диагностике и обслуживанию транспорта.;;;;
23;;;6B11302 — Логистика (по отраслям);0.6;Рассматривает транспорт как элемент цепи поставок.;;;;
23;;Q6. Мне ближе анализ маршрутов, расчет времени доставки и оптимизация транспортных расходов.;6B11302 — Логистика (по отраслям);1.0;Использует цифровые модели и анализ данных для оптимизации доставки.;;;;
23;;;6B11301 — Организация перевозок, движения и эксплуатация транспорта;0.8;Рассматривает временные и ресурсные параметры движения.;;;;
23;;Q7. Мне интересно работать с цифровыми системами мониторинга транспорта, GPS и автоматизацией перевозок.;6B11301 — Организация перевозок, движения и эксплуатация транспорта;1.0;Акцент на цифровых системах управления движением и телематике.;;;;
23;;;6B11302 — Логистика (по отраслям);0.8;Применяет цифровые инструменты для отслеживания поставок.;;;;
23;;Q8. Мне ближе координация взаимодействия между поставщиками, перевозчиками и клиентами.;6B11302 — Логистика (по отраслям);1.0;Центральная роль — координация участников логистической цепи.;;;;
23;;;6B11301 — Организация перевозок, движения и эксплуатация транспорта;0.7;Затрагивает взаимодействие перевозчиков в транспортной системе.;;;;
;;;;;;;;;
;;;;;;;;;
;;;;;;;;;
;;;;;;;;;
;;;;;;;;;
;;;;;;;;;
;;;;;;;;;
;;;;;;;;;
;;;;;;;;;
;;;;;;;;;
;;;;;;;;;
;;;;;;;;;
;;;;;;;;;
;;;;;;;;;
;;;;;;;;;
;;;;;;;;;
;;;;;;;;;
;;;;;;;;;
;;;;;;;;;
;;;;;;;;;
;;;;;;;;;
;;;;;;;;;
;;;;;;;;;
;;;;;;;;;
;;;;;;;;;
